"Georgetown, Canada",ERROR,ERROR
"Indian Grove, MO",39.51055556,-93.035
"El Dorado, MO",ERROR,ERROR
"West Oak Lane, PA",ERROR,ERROR
"Shanghai, Shanghai, CN",ERROR,ERROR
"French, NM",ERROR,ERROR
"Ryansville, KS",ERROR,ERROR
"Lindsay, Canada",ERROR,ERROR
"Paramaribo, PM, SR",ERROR,ERROR
"Palmetto Bay, FL",25.627186111,-80.320702777
"Tukwila, WA",47.478333333,-122.275555555
"County, NC",ERROR,ERROR
"Coalmont, Canada",ERROR,ERROR
"Fairport, CA",41.985277777,-120.321944444
"Castor, Canada",ERROR,ERROR
"Ingram, WI",45.5058,-90.8164
"Wrexham, United Kingdom",ERROR,ERROR
"St. Paul, NE",41.213611111,-98.46
"Center Grove, IN",39.5773,-86.1971
"Malad, ID",42.19083,-112.24917
"Yazoo, MS",ERROR,ERROR
"County, OK",ERROR,ERROR
"Miami Shores, FL",25.865238888,-80.188333333
"Houlton, OR",ERROR,ERROR
"Aylesworth, OK",34.02805556,-96.62666667
"New Denver, Canada",ERROR,ERROR
"Nevada, CA",ERROR,ERROR
"Gayoso, MO",36.25611111,-89.705
"West Virginia City, SD",ERROR,ERROR
"Hiawatha, NE",ERROR,ERROR
"Brush Creek, IA",ERROR,ERROR
"Wayne, KS",39.7147,-97.5419
"Quebec, Canada",52.0,-72.0
"Sheridan, NE",38.8981,-119.823
"Cinnaminson, NJ",40.0002,-74.9916
"Saint Johns, Canada",ERROR,ERROR
"Gettysburg, KS",ERROR,ERROR
"Berry's Station, KY",ERROR,ERROR
"Walnut Park, CA",33.968888888,-118.223888888
"Keesler Army Airfield, MS",ERROR,ERROR
"County, IL",ERROR,ERROR
"Lakewood, CO",39.706389,-105.102778
"Howland, OH",ERROR,ERROR
"Leonard Town, MD",38.295277777,-76.638055555
"Jerome, KS",38.74722222,-100.52722222
"Looney, OK",ERROR,ERROR
"Silver Reef, UT",37.25277778,-113.36777778
"Shoal Lake, Canada",ERROR,ERROR
"White Oaks, NM",33.7475,-105.736389
"San Acacio, NM",ERROR,ERROR
"Potttstown, PA",ERROR,ERROR
"Du Buque, WI",ERROR,ERROR
"Feldkirch, Austria",ERROR,ERROR
"Reefton, New Zealand",ERROR,ERROR
"St Helens, OR",ERROR,ERROR
"Crieff, United Kingdom",ERROR,ERROR
"LaGrange, KY",ERROR,ERROR
"Wilsonton, KS",ERROR,ERROR
"Lackawanna, NY",42.819444444,-78.825555555
"Garrison, KS",ERROR,ERROR
"Admiral, MD",ERROR,ERROR
"Swan Lake, SD",ERROR,ERROR
"Union, CA",38.3214,-122.31
"Hadley, Canada",ERROR,ERROR
"Coakerville, Canada",ERROR,ERROR
"Cortlandt, NY",41.261388888,-73.9025
"Munson, Canada",ERROR,ERROR
"Motueka, New Zealand",ERROR,ERROR
"Heart Mountain, WY",ERROR,ERROR
"Girard, AL",32.4567,-85.0044
"Conway, IA",40.748611111,-94.619444444
"Orwell, KS",ERROR,ERROR
"Williamsbueg, OH",ERROR,ERROR
"Demersville, MT",ERROR,ERROR
"Weir City, KS",ERROR,ERROR
"Fort MacLeod, Canada",ERROR,ERROR
"Amache, CO",ERROR,ERROR
"Whitewood, Canada",ERROR,ERROR
"Limerick, PA",ERROR,ERROR
"Ewington, IL",ERROR,ERROR
"University Place, NE",ERROR,ERROR
"Voree, WI",42.6824,-88.3059
"Napier Field, AL",31.315265,-85.45434
"Hyde Park, IL",ERROR,ERROR
"Lee's Summit, MO",38.9225,-94.374166666
"White Bluffs, WA",46.6665,-119.485
"Prestonburg, KY",ERROR,ERROR
"Good Hope, LA",29.991388888,-90.400555555
"Consort, Canada",ERROR,ERROR
"Jefferson, OK",36.719166666,-97.790555555
"Laredo, MT",48.719444444,-110.475
"Ngaruawahia, New Zealand",ERROR,ERROR
"CLINTON County, OH",39.41498,-83.80838
"Mcleansboro, IL",38.0901838,-88.5386768
"Kearny, KS",ERROR,ERROR
"Port Wallaroo, Australia",ERROR,ERROR
"McGregor, IA",43.021944444,-91.179722222
"Njardvik, Iceland",ERROR,ERROR
"Borough Of Canterbury, United Kingdom",ERROR,ERROR
"Austin, IL",41.9,-87.76
"Mt. Gilead, OH",ERROR,ERROR
"Brainerd, KS",37.9511,-97.0953
"Cane Hill, AR",ERROR,ERROR
"Animas Forks, CO",37.9308,-107.567
"Saratoga Park, KS",ERROR,ERROR
"Tulln, Austria",ERROR,ERROR
"Niskayuna, NY",42.7798,-73.84568
"Greene, MS",31.22,-88.64
"Powlett, Australia",ERROR,ERROR
"Boone, IN",40.05,-86.47
"Red Fork, OK",36.105555555,-96.024444444
"Terry, KS",ERROR,ERROR
"Ashford, NE",41.641,-103.675
"McCook, NE",40.205277777,-100.626111111
"Midwest City, OK",35.4495,-97.396694444
"Gould, KS",ERROR,ERROR
"Oak Hill, WV",37.982777777,-81.145277777
"Mt. Laurel, NJ",ERROR,ERROR
"West Reading, PA",40.3342,-75.9467
"Denbigh, United Kingdom",ERROR,ERROR
"L' Anse, MI",ERROR,ERROR
"DeLamar, ID",ERROR,ERROR
"Hastings-on-Hudson, NY",40.991111111,-73.874166666
"Birtle, Canada",ERROR,ERROR
"Fort Wrangel, AK",ERROR,ERROR
"Grindavik, Iceland",ERROR,ERROR
"Santee, NE",42.8386,-97.8531
"DeKalb, MO",ERROR,ERROR
"Dover-Foxcroft, ME",45.186111111,-69.220277777
"Highland Park, TX",32.830277777,-96.801111111
"SUSSEX County, NJ",41.14,-74.69
"Village of Pulaski, Oswego Co",ERROR,ERROR
"Cork, Cork, Ireland",ERROR,ERROR
"Havelock, NE",46.0,-65.317
"Argentine, KS",39.075,-94.6725
"North Hills, PA",40.1126,-75.1695
"Fornfelt, MO",ERROR,ERROR
"L''Anse, MI",ERROR,ERROR
"Red Butte, WY",42.806388888,-106.432777777
"Tioga, KS",ERROR,ERROR
"Garfield, UT",37.87,-111.44
"Te Miro, New Zealand",ERROR,ERROR
"Roscoe, KS",39.48083333,-99.76944444
"Dillon, KS",38.6936,-97.1469
"Bull City, KS",ERROR,ERROR
"Sunshine, CO",40.0658,-105.367
"Murray, UT",40.6525,-111.893333333
"DeLand, FL",29.028947222,-81.300447222
"Cape Ann, MA",ERROR,ERROR
"Port Phillip, Australia",ERROR,ERROR
"Cotton Gin, TX",ERROR,ERROR
"Dentonia, KS",39.68388889,-98.4675
"Lawson, Canada",ERROR,ERROR
"Strathcona, Canada",ERROR,ERROR
"Carlton, OK",ERROR,ERROR
"Burien, WA",47.468333333,-122.345555555
"Prairie View, AR",35.3344,-93.5181
"County, CT",ERROR,ERROR
"Brigus, Canada",ERROR,ERROR
"Thompsonville, CT",41.996944444,-72.598888888
"Echo PO, Port Jefferson NY",ERROR,ERROR
"McQueen, OK",34.6667,-99.7017
"Yorksville, IL",ERROR,ERROR
"Primos, PA",ERROR,ERROR
"Beaver Falls, MN",44.58305556,-95.04722222
"Loyal, KS",ERROR,ERROR
"Clatsop, OR",ERROR,ERROR
"Sherman Center, KS",ERROR,ERROR
"Bustleton, PA",40.0991,-75.0436
"Cambridge, TX",ERROR,ERROR
"Richmond, OK",ERROR,ERROR
"Bonnet Carre, LA",ERROR,ERROR
"Homerville, NE",ERROR,ERROR
"St. Benedict, OR",45.0571,-122.774
"Mount Olive, NJ",40.8658,-74.743
"Dakota, OH",ERROR,ERROR
"San Marcial, NM",33.7001,-106.987
"Alexandra, New Zealand",-45.249166666,169.379722222
"Byrnes Mill, MO",38.4353,-90.5739
"Clyde, New Zealand",-45.191,169.327
"Carlow, Carlow, Ireland",ERROR,ERROR
"Gravesville, WI",ERROR,ERROR
"County, RI",ERROR,ERROR
"St. Helens, OR",45.859444444,-122.816944444
"DeKalb, IL",41.931388888,-88.750277777
"Lindsey, KS",39.0937,-97.6781
"Lakemp, OK",ERROR,ERROR
"Lasker, NC",36.35,-77.305555555
"Palmetto City, KS",ERROR,ERROR
"Flat River, MO",ERROR,ERROR
"Bacone, OK",ERROR,ERROR
"Ashbourne, United Kingdom",ERROR,ERROR
"Arizola, AZ",32.85111111,-111.71416667
"Apple Valley, MN",44.731944444,-93.2175
"Sterling Rock Falls, IL",ERROR,ERROR
"Cresent City, CA",ERROR,ERROR
"Tysons, VA",38.9186,-77.2297
"De Kalb, IL",41.931388888,-88.750277777
"Union, NY",42.867777777,-75.887222222
"Glen's Falls, NY",ERROR,ERROR
"Oakland, KS",ERROR,ERROR
"St. Robert, MO",37.8244,-92.1336
"Blaine, KS",39.4967,-96.4031
"Tyrone City, PA",ERROR,ERROR
"Cloverdale, Canada",ERROR,ERROR
"Weston, Canada",ERROR,ERROR
"St. James, MO",37.9989,-91.6164
"Arkalon, KS",37.14305556,-100.8075
"Mexico, NM",ERROR,ERROR
"Bellevue, LA",32.67333333,-93.52222222
"Oceanus, NY",ERROR,ERROR
"100 Mile House, Canada",ERROR,ERROR
"Lucy, LA",30.046666666,-90.5075
"New Decatur, AL",ERROR,ERROR
"Los Cerrillos, NM",35.4372,-106.127
"Armourdale City, KS",ERROR,ERROR
"Marion Centre, KS",ERROR,ERROR
"Bodarc, NE",ERROR,ERROR
"Cherry Point MCAS, NC",ERROR,ERROR
"Yeager, OK",35.157222222,-96.340277777
"Van Ettenville, NY",ERROR,ERROR
"Greensboro, MS",ERROR,ERROR
"Rivers, Canada",ERROR,ERROR
"Mcgregor, IA",43.021944444,-91.179722222
"Maryfield, Canada",ERROR,ERROR
"Wyoming, NE",40.7356,-95.9194
"Paeroa, New Zealand",ERROR,ERROR
"Bella Coola, Canada",ERROR,ERROR
"Quinlan, OK",36.4544,-99.0453
"Beaverton, New Zealand",ERROR,ERROR
"Boone, NE",41.6264,-97.9175
"Irma, Canada",ERROR,ERROR
"Whitehall, LA",30.288611111,-90.700277777
"Clarksville, OK",35.8256,-95.5142
"Rocky Bar, ID",43.6892,-115.29
"Fontanelle, NE",41.406388888,-95.996388888
"County, KY",ERROR,ERROR
"Mccallsburg, IA",42.16611,-93.39028
"Westport, MO",ERROR,ERROR
"LaGrange, GA",33.03929,-85.03133
"Mitchellville, KS",ERROR,ERROR
"Benton, OK",ERROR,ERROR
"Clutha, New Zealand",ERROR,ERROR
"Miller, OH",38.536388888,-82.301944444
"Sequachee, TN",ERROR,ERROR
"Midway, Canada",ERROR,ERROR
"Opa-Locka, FL",25.901666666,-80.250833333
"Baku, AZE, AZ",ERROR,ERROR
"Mt Vernon, IL",ERROR,ERROR
"Hartland, KS",ERROR,ERROR
"St. Petersburg, FL",27.773055555,-82.64
"Grandview, Canada",ERROR,ERROR
"East Orange, IA",ERROR,ERROR
"Glenora, Canada",ERROR,ERROR
"Voorhees, KS",37.0611,-101.42
"Fernandina, FL",ERROR,ERROR
"Cascade, SD",ERROR,ERROR
"Millstone, NJ",40.499166666,-74.588611111
"Grand Rapids, WI",44.367222222,-89.773333333
"Middletown-Point, NJ",ERROR,ERROR
"Camp Douglas, UT",ERROR,ERROR
"LaPorte, PA",41.423333333,-76.490833333
"White Rock, KS",39.8861,-97.9322
"M'Grawville, NY",ERROR,ERROR
"Newcastle upon Tyne, United Kingdom",ERROR,ERROR
"St. Louis, MO",38.626388888,-90.199444444
"Cary Grove, IL",ERROR,ERROR
"Lima, IN",ERROR,ERROR
"Algiers, LA",29.938055555,-90.033055555
"Monte Ne, AR",ERROR,ERROR
"Queens, NY",40.704166666,-73.917777777
"College View, NE",40.7722,-96.6522
"Surprise, KS",ERROR,ERROR
"McFarland, WI",43.01833,-89.29111
"Eastend, Canada",ERROR,ERROR
"Armada, NE",ERROR,ERROR
"Overland, MO",38.699166666,-90.367777777
"County, AK",ERROR,ERROR
"Kaslo, Canada",ERROR,ERROR
"North La Crosse, WI",ERROR,ERROR
"Merwin, MO",38.40472,-94.59
"Chant, OK",ERROR,ERROR
"Indianola, TX",28.511944444,-96.4875
"Baldwin, KS",38.7775,-95.1875
"Daytona, FL",ERROR,ERROR
"Belfast, UU, NIR",ERROR,ERROR
"Elk, KS",38.4167,-96.8167
"West Haven, KS",ERROR,ERROR
"Mcconnellsburg, PA",39.9325,-77.99583
"Buenos Aires, BA, AR",ERROR,ERROR
"Hot Springs, AK",ERROR,ERROR
"Marysville, Canada",ERROR,ERROR
"Chloride, NM",33.33861111,-107.67777778
"County, MO",ERROR,ERROR
"Beaver Dam, NC",ERROR,ERROR
"Wilson Creek, Canada",ERROR,ERROR
"McAlester, OK",34.933055555,-95.766388888
"L Anse, MI",46.756666666,-88.453333333
"Yarmouthport, MA",41.7047,-70.2208
"Booyoolee, Australia",ERROR,ERROR
"Millbrook, KS",39.35,-99.8697
"Edgewater ie Staten Island, NY",ERROR,ERROR
"Cucamonga, CA",ERROR,ERROR
"Crofton, Canada",ERROR,ERROR
"Viscount, Canada",ERROR,ERROR
"Cundiff, KS",ERROR,ERROR
"Oleta, OK",34.1994,-95.3439
"Belfast, Australia",ERROR,ERROR
"Augustine, KS",ERROR,ERROR
"County, WY",ERROR,ERROR
"Oronoque, KS",39.7889,-100.025
"Eagle City, AK",ERROR,ERROR
"Walton-on-Thames, United Kingdom",ERROR,ERROR
"Loverna, Canada",ERROR,ERROR
"St. Genevieve, MO",ERROR,ERROR
"Ardmore-Wayne, PA",ERROR,ERROR
"Camas, MT",47.61805556,-114.65611111
"Lafayette, GA",34.7048022,-85.2818998
"Greene, NC",ERROR,ERROR
"St. Ives, Cornwall, England",ERROR,ERROR
"St. Peter, MN",44.325833333,-93.955833333
"Burr Ridge, IL",41.74892,-87.91839
"East Ely, NV",ERROR,ERROR
"Queenstown, New Zealand",-45.031111111,168.6625
"Queen Charlotte, Canada",ERROR,ERROR
"Bloom, KS",37.486388888,-99.896111111
"Akranes, Iceland",ERROR,ERROR
"Mount Zion, IL",39.778055555,-88.878611111
"Goodrich, KS",38.28475,-94.99191
"Colonie, NY",42.71786,-73.83346
"Galloway, NJ",39.492777777,-74.559444444
"McFall, MO",40.11056,-94.22139
"Pores Knob, NC",ERROR,ERROR
"Cedarville, KS",ERROR,ERROR
"County, AL",ERROR,ERROR
"County, IA",ERROR,ERROR
"Okanagan Falls, Canada",ERROR,ERROR
"Sheppard Field, TX",ERROR,ERROR
"Comanche City, KS",ERROR,ERROR
"Scipio, NY",42.803333333,-76.571388888
"Westlake Hills, TX",ERROR,ERROR
"Cresson, KS",39.27777778,-99.58527778
"County, TX",ERROR,ERROR
"Chatham Four Corners, NY",ERROR,ERROR
"Spokane, MT",ERROR,ERROR
"Camp Gruber, OK",ERROR,ERROR
"Vonda, Canada",ERROR,ERROR
"Lac Du Bonnet, Canada",ERROR,ERROR
"Bannock City, ID",ERROR,ERROR
"Plattsburg, MS",ERROR,ERROR
"Hazelton, Canada",ERROR,ERROR
"St. Pauls, NC",34.807222222,-78.972777777
"Upper Township, NJ",39.2581,-74.7269
"Wichita, TX",ERROR,ERROR
"Bashaw, Canada",ERROR,ERROR
"Cañon City, CO",38.4467,-105.228
"Caernarvon, United Kingdom",ERROR,ERROR
"Blakeley, AL",30.742222,-87.924167
"Wabash, NE",40.8864,-96.2544
"Gates, NY",43.149722222,-77.696944444
"Poplar Creek, Canada",ERROR,ERROR
"South Miami, FL",25.710277777,-80.295169444
"Appleton, KS",ERROR,ERROR
"Mt. Vernon, IN",ERROR,ERROR
"Atlin, Canada",ERROR,ERROR
"Mt Pleasant, IA",ERROR,ERROR
"Mexico, IL",41.7936442,-87.691719
"Cornwall, United Kingdom",ERROR,ERROR
"Scranton, MS",ERROR,ERROR
"Jefferson Park, IL",41.98,-87.77
"Ashburton, New Zealand",-43.905555555,171.745555555
"Arbutus, MD",39.2444,-76.6939
"Armourdale, KS",39.0832,-94.6352
"Holly Oak, DE",39.7883,-75.4789
"Densmore, KS",39.638333333,-99.739166666
"Mt. Sterling, OH",ERROR,ERROR
"Dunwoody, GA",33.9428,-84.3178
"County, MI",ERROR,ERROR
"Long Island, NY",40.805805,-73.253616
"Blackburn, OK",36.371666666,-96.596388888
"Sintaluta, Canada",ERROR,ERROR
"Holmesville, NE",40.2014,-96.6589
"Neuchatel, KS",39.5680522,-96.201946
"New Town, GA",34.530555555,-84.905833333
"Robinson, NM",ERROR,ERROR
"Uhrichsville Dennison, OH",ERROR,ERROR
"McCurtain, OK",35.150277777,-94.971388888
"Woodland Park, NJ",40.8899,-74.1946
"Lewisburg, AR",35.14194444,-92.73527778
"Leger, OK",ERROR,ERROR
"Ingersoll, OK",36.796388888,-98.394722222
"Wolseley, Canada",ERROR,ERROR
"St. Anne, IL",41.025,-87.713888888
"Marysville, IA",41.181111111,-92.952222222
"Castle, MT",ERROR,ERROR
"Penn Hills, PA",ERROR,ERROR
"DeWitt, AR",34.291388888,-91.336944444
"Passaic City, NJ",ERROR,ERROR
"Searsburg, VT",42.8930745,-72.9666551
"Elizabethtown, NJ",40.671,-74.211
"Monmouth, NJ",40.262862,-74.277344
"Springvale, KS",ERROR,ERROR
"Monitor, Canada",ERROR,ERROR
"Riverhurst, Canada",ERROR,ERROR
"St. Mary's, MD",ERROR,ERROR
"Lawrence, New Zealand",-45.913,169.689
"Granum, Canada",ERROR,ERROR
"McLoud, OK",35.412222222,-97.098333333
"Ladner, Canada",ERROR,ERROR
"Sterrett, OK",ERROR,ERROR
"Cowles, NE",40.171944444,-98.448055555
"Bellefonte, AR",36.2,-93.046944444
"Campton Hills, IL",41.933888888,-88.401111111
"Rochford, SD",44.124428,-103.7196408
"Davisville, CA",ERROR,ERROR
"Goodnight, OK",35.95138889,-97.14055556
"Bliss, OK",ERROR,ERROR
"Banner City, KS",ERROR,ERROR
"McComb, MS",31.243777777,-90.453166666
"Bliss and Silver Springs, NY",ERROR,ERROR
"Thomas, IL",41.5117,-89.8194
"Swansea, United Kingdom",ERROR,ERROR
"Summitville, CO",ERROR,ERROR
"De Lamar, ID",43.024444,-116.831389
"Central City, SD",44.367222222,-103.769722222
"Barclay, KS",38.5772,-95.8803
"Darrow, OK",ERROR,ERROR
"LaFayette, AL",32.898572,-85.400784
"St. Clairsville, OH",40.0794,-80.9014
"Navarino, WI",44.611111111,-88.491944444
"St. Charles, MO",38.788611111,-90.511666666
"Dover New Philadelphia, OH",ERROR,ERROR
"Crow River, MN",45.2439,-94.7244
"Centenary, IA",ERROR,ERROR
"Ainsworth, Canada",ERROR,ERROR
"Prairieville, WI",ERROR,ERROR
"Centennial, CO",39.596388888,-104.843888888
"Claiborne, AL",31.5402,-87.5155
"St. Tammany County, LA",ERROR,ERROR
"Ashland, OK",34.768055555,-96.069722222
"Suntree, FL",28.2294,-80.9014
"Port Essington, Canada",ERROR,ERROR
"Mesilla, AZ",ERROR,ERROR
"Qu'Appelle, Canada",ERROR,ERROR
"Augusta, OK",ERROR,ERROR
"Jonesboro, TN",ERROR,ERROR
"Rockford, IN",38.9872,-85.8914
"Colony, WY",ERROR,ERROR
"St. Louis Park, MN",44.9486,-93.364875
"Olcott, KS",ERROR,ERROR
"Dorchester, MA",42.316666666,-71.05
"Guertie, OK",ERROR,ERROR
"Blaine, MN",45.1608,-93.23495
"Five Mile Beach, NJ",ERROR,ERROR
"Vermilionville, LA",ERROR,ERROR
"Blue Mountains, Australia",ERROR,ERROR
"Smith Centre, KS",39.7864,-98.7828
"Arrington, KS",39.4628,-95.5364
"Mt. Vernon, MO",ERROR,ERROR
"Millard, NE",41.2094,-96.123
"Hunt, ID",42.6783,-114.25
"Reading, OH",39.2228,-84.4392
"Altona, Germany",ERROR,ERROR
"Waterford-Hickman, CA",ERROR,ERROR
"Little Rock, IL",41.7175,-88.5764
"Salmon City, ID",ERROR,ERROR
"Medan, SB, IDN",ERROR,ERROR
"Crisfield, KS",ERROR,ERROR
"Aventura, FL",25.964444444,-80.135833333
"Marina del Rey, CA",33.979444444,-118.452777777
"Farimont, WV",ERROR,ERROR
"Atolia, CA",35.3147,-117.609
"Elmore, OK",ERROR,ERROR
"Jaqua, KS",39.65472222,-102.03111111
"Frisco, UT",38.4597,-113.259
"Frank, Canada",ERROR,ERROR
"Fairview, Canada",ERROR,ERROR
"Balclutha, New Zealand",-46.241666666,169.733333333
"Milton, New Zealand",-46.1167,169.967
"O'Fallon, IL",38.5975365,-89.9153623
"Spruce, NY",ERROR,ERROR
"Spring Lake, UT",40.000277777,-111.748611111
"Farmer City, KS",38.285555555,-101.193055555
"County, SC",ERROR,ERROR
"Port Albert, New Zealand",-36.2747,174.4301
"Mt Kisco, NY",ERROR,ERROR
"Uniontown, MD",39.5933,-77.1161
"Chestnut Hill, PA",40.7225,-75.206111111
"Coleman, Canada",ERROR,ERROR
"Darlington, OK",ERROR,ERROR
"Radville, Canada",ERROR,ERROR
"St. Stephens, AL",31.540277777,-88.055277777
"County, MN",ERROR,ERROR
"Germantown, PA",39.92055556,-77.54555556
"Pointe a la Hache, LA",29.576388888,-89.791666666
"Brockway Centre, MI",ERROR,ERROR
"Taranaki, New Zealand",ERROR,ERROR
"New Oregon, IA",ERROR,ERROR
"St. Johnsbury, VT",44.4552387,-72.0115463
"Nuyaka, OK",35.6542,-96.1399
"Vanoss, OK",34.76388889,-96.87194444
"Western, IA",ERROR,ERROR
"Petersburg, GA",33.9633,-82.5703
"Kickapoo City, KS",ERROR,ERROR
"North Canaan, CT",42.0225,-73.290833333
"County, WA",ERROR,ERROR
"Sulpher Springs, TX",ERROR,ERROR
"Doniphan, KS",39.641666666,-95.080833333
"Bethany, NE",40.8325,-96.6333
"Big Elk, MT",ERROR,ERROR
"Saint George, Australia",ERROR,ERROR
"Parker, OK",ERROR,ERROR
"Beavercreek, OH",39.7294,-84.0622
"Peachtree Corners, GA",33.975583333,-84.217777777
"Ontonta, NY",ERROR,ERROR
"McCarthy, AK",61.4328,-142.911
"Brighton, UT",40.60384,-111.5821429
"Perinton, NY",43.083333333,-77.433333333
"Greytown, New Zealand",-41.083333333,175.45
"Flekkefjord, 10, NO",ERROR,ERROR
"Agricola, KS",38.4194,-95.535
"Morrissey, Canada",ERROR,ERROR
"Mission Beach, CA",32.776388888,-117.2525
"McArthur, OH",39.24694,-82.47944
"Kenneth, KS",ERROR,ERROR
"DeQueen, AR",ERROR,ERROR
"Silverton, Canada",ERROR,ERROR
"Anglesea, NJ",39.0043,-74.7995
"Plattsburgh, MO",ERROR,ERROR
"West University Place, TX",29.7158,-95.4331
"Arkansas Post, AR",34.023713888,-91.343730555
"Corwin, KS",37.0842,-98.3044
"Fuquay-Varina, NC",35.591944444,-78.788611111
"Bowmanville, Canada",ERROR,ERROR
"Carrollton, AR",36.2625,-93.321944444
"Halls Summit, KS",38.3472,-95.6753
"McGehee, AR",33.625555555,-91.394444444
"Macon, AL",33.73055556,-86.07722222
"Bourne, MA",41.741111111,-70.599444444
"Barksdale Field, LA",ERROR,ERROR
"Mussel Fork, MO",ERROR,ERROR
"County, ID",ERROR,ERROR
"New, York",ERROR,ERROR
"New Liskeard, Canada",ERROR,ERROR
"Blakeman, KS",39.8222,-101.117
"Otero, NM",ERROR,ERROR
"Weathersfield, VT",43.384444444,-72.4625
"Beachmont, MA",42.3958,-70.9869
"Hickory, OK",34.559444444,-96.856944444
"Columbia, Canada",ERROR,ERROR
"Sugden, OK",34.081388888,-97.978611111
"Woodsdale, KS",37.2725,-101.309444444
"Navina, OK",ERROR,ERROR
"Chicago Lawn, IL",41.77,-87.69
"Lenora, OK",36.04111111,-99.06194444
"Vestmannaeyjar, Iceland",ERROR,ERROR
"Mechanicstown, MD",ERROR,ERROR
"Ingalls, OK",36.101666666,-96.881388888
"Shamong, NJ",39.785,-74.7165
"Georgetown, DC",ERROR,ERROR
"Renfrow, OK",36.925277777,-97.655555555
"Newark, NE",40.735277777,-74.185
"Dodsland, Canada",ERROR,ERROR
"Strasbourg, Canada",ERROR,ERROR
"Govan, Canada",ERROR,ERROR
"Unionville, NV",40.4458,-118.122
"Eddy, NM",ERROR,ERROR
"Burnett, NE",ERROR,ERROR
"Lewisboro, NY",41.238055555,-73.5225
"County, MD",ERROR,ERROR
"Gate City, AL",ERROR,ERROR
"McLeansboro, IL",38.0901838,-88.5386768
"Appleton, MO",ERROR,ERROR
"Deseret, UT",39.2875,-112.651
"Marble, CO",39.07222,-107.18944
"Borough Of Hythe, United Kingdom",ERROR,ERROR
"Loope, CA",38.665277777,-119.696111111
"Berwyn, OK",ERROR,ERROR
"Toisnot, NC",ERROR,ERROR
"La Cañada Flintridge, CA",34.206111111,-118.199444444
"Kilbourn City, WI",ERROR,ERROR
"St. George, SC",33.186,-80.57565
"McKnight, OK",ERROR,ERROR
"Aratapu, New Zealand",ERROR,ERROR
"Surabaya, JI, IDN",ERROR,ERROR
"Setauket, NY",40.93,-73.101944444
"LaFollette, TN",36.375,-84.1275
"Norden, NE",42.8686,-100.074
"Frisco, OK",ERROR,ERROR
"Voltaire, KS",ERROR,ERROR
"North Attleborough, MA",41.983333333,-71.333333333
"Charleston, New Zealand",-41.906,171.436
"Kirkwood, MO",38.580555555,-90.414166666
"McGrew, NE",41.745833333,-103.417777777
"Rondout, NY",41.9206,-73.985
"Jeffersonville, VA",ERROR,ERROR
"Hewins, KS",37.040833333,-96.408333333
"St. Mary's, OH",ERROR,ERROR
"Des Moines, WA",47.394166666,-122.318055555
"Irvington, IN",ERROR,ERROR
"Bellefonte, AL",34.711111111,-85.945277777
"Wiarton, Canada",ERROR,ERROR
"Camp Rucker, AL",ERROR,ERROR
"Bishop's Stortford, United Kingdom",ERROR,ERROR
"Lambert, OK",36.682222222,-98.424166666
"Parkland, PA",ERROR,ERROR
"Kemptville, Canada",ERROR,ERROR
"New Lisbon, OH",40.7739,-80.7675
"Monoquet, IN",41.2894,-85.8617
"Danville, MO",38.9122,-91.5297
"Brixen, Italy",ERROR,ERROR
"Kildare, OK",36.808333333,-97.05
"Texmo, OK",ERROR,ERROR
"Gainsville, AR",ERROR,ERROR
"Mercur, UT",40.3208,-112.212
"St. Cloud, MN",45.553888888,-94.170277777
"Mount Ida, New Zealand",ERROR,ERROR
"Wellsford, KS",37.6167,-99.0286
"Ft. Gibson, OK",ERROR,ERROR
"Clonmel, South Tipperary, Ireland",ERROR,ERROR
"Kensington, CT",41.635277777,-72.768611111
"Rolling Hills Estates, CA",33.786666666,-118.358333333
"East Windsor, NJ",40.2589,-74.5328
"Keystone, WV",37.415,-81.446111111
"LaBelle, FL",26.760555555,-81.439166666
"Fort Kearny, NE",ERROR,ERROR
"Kane'ohe, HI",ERROR,ERROR
"Wendell, KS",ERROR,ERROR
"St. Joseph, MO",39.768611111,-94.846638888
"Old Town, ID",ERROR,ERROR
"Alberni, Canada",ERROR,ERROR
"Radisson, Canada",ERROR,ERROR
"Meyronne, Canada",ERROR,ERROR
"Fort Washita, OK",ERROR,ERROR
"Aurora, NV",38.289167,-118.899167
"Port Darwin, Australia",ERROR,ERROR
"St. Clair Shores, MI",42.495555555,-82.900277777
"Independence, OK",35.7253,-98.9389
"Juliet, IL",ERROR,ERROR
"Goodwin, OK",ERROR,ERROR
"Fort Randall, SD",ERROR,ERROR
"Pithole City, PA",ERROR,ERROR
"Coeur d'Alene, ID",47.692777777,-116.78
"Empire City, KS",37.0892,-94.6419
"Acton, Canada",ERROR,ERROR
"Roxburgh, New Zealand",-45.54,169.314
"Geary City, KS",ERROR,ERROR
"Canal Dover, OH",ERROR,ERROR
"Buffalo, NY ;",ERROR,ERROR
"Sheffield, MO",ERROR,ERROR
"Manatee, FL",ERROR,ERROR
"County, WI",ERROR,ERROR
"Waterford, Waterford, Ireland",ERROR,ERROR
"LaRussell, MO",ERROR,ERROR
"Scullin, OK",ERROR,ERROR
"Media, KS",38.77222222,-95.20222222
"Belmont, Canada",ERROR,ERROR
"Fort Winnebago, WI",ERROR,ERROR
"Berlin, OK",35.450555555,-99.625277777
"Hill Air Force Base, UT",41.1239,-111.973
"La Grange, WI",44.015,-90.493055555
"Tokyo, 13, JP",ERROR,ERROR
"Hagers Town, MD",ERROR,ERROR
"Panola, MS",ERROR,ERROR
"Port Hudson, LA",30.6781,-91.2689
"King of Prussia, PA",40.094722222,-75.378055555
"Wilkes-Barre, PA",41.244444444,-75.878055555
"Foraker, OK",36.8725,-96.565555555
"Frankfort, MD",ERROR,ERROR
"Loyalton, SD",45.28638889,-99.27944444
"Metropolitan, Nassau County Freeport",ERROR,ERROR
"Knowles, OK",36.873611111,-100.192777777
"Orono, Canada",ERROR,ERROR
"Beaverdell, Canada",ERROR,ERROR
"Echota, GA",ERROR,ERROR
"Lemberg, Canada",ERROR,ERROR
"Highlands Ranch, CO",39.544444444,-104.968055555
"Albany, AL",ERROR,ERROR
"Rossville, OH",40.15694444,-84.23916667
"Borough Of Maidstone, United Kingdom",ERROR,ERROR
"Lowell, NE",40.6475,-98.8472
"Stockham, NE",40.715555555,-97.943611111
"Farmers Branch, TX",32.928888888,-96.8775
"Union Village, NY",ERROR,ERROR
"St. James, MN",43.982222222,-94.628055555
"Erickson, Canada",ERROR,ERROR
"Carbon, Canada",ERROR,ERROR
"Platte City, NE",ERROR,ERROR
"New Hope, MN",45.033333333,-93.383333333
"Henry, NE",41.998333333,-104.046666666
"Londonderry, Londonderry, Northern Ireland",ERROR,ERROR
"Harlem, NY",40.809033333,-73.948372222
"Brentwood, PA",40.3744,-79.9761
"Yorktown, NY",41.295555555,-73.808055555
"Dover Hill, IN",38.725,-86.8028
"Ninette, Canada",ERROR,ERROR
"Antelopeville, NE",ERROR,ERROR
"Bower, NC",ERROR,ERROR
"Gold Hill, NV",39.290555555,-119.6575
"Hoyle, OK",ERROR,ERROR
"Washtenaw, MI",ERROR,ERROR
"Macleod, Canada",ERROR,ERROR
"Prague, 10, CZ",ERROR,ERROR
"Pence, KS",38.655833333,-101.072777777
"Stickney, IL",41.8169,-87.7867
"Yilgarn, Australia",ERROR,ERROR
"Frontier City, OK",ERROR,ERROR
"McKeesport, PA",40.341877777,-79.845005555
"Wicker Park, IL",ERROR,ERROR
"Perry, NE",40.2103,-100.723
"Pleasanton, IA",40.580277777,-93.743055555
"Pinal City, AZ",33.278055555,-111.139166666
"South Port, WI",ERROR,ERROR
"St. Charles, IL",41.9192431,-88.3110121
"Greenwood, Canada",ERROR,ERROR
"Eastvale, CA",33.963055555,-117.563888888
"Rapid City, Canada",ERROR,ERROR
"Tralee, Kerry, Ireland",ERROR,ERROR
"Vliets, KS",39.7139,-96.3336
"Stewart, Canada",ERROR,ERROR
"Butler, NV",ERROR,ERROR
"Maiden, MT",ERROR,ERROR
"Keefeton, OK",35.589722222,-95.339444444
"Timisoara, TM, RO",ERROR,ERROR
"Rochester Hills, MI",42.658055555,-83.149722222
"Beaver, NE",ERROR,ERROR
"Three Forks, Canada",ERROR,ERROR
"Bidwell, CA",39.55694444,-121.46555556
"Ymir, Canada",ERROR,ERROR
"Stonington-Port, CT",ERROR,ERROR
"McClusky, ND",47.484166666,-100.442222222
"St Johns, Canada",ERROR,ERROR
"Burrowa, Australia",ERROR,ERROR
"Coral Springs, FL",26.270555555,-80.259166666
"County, KS",ERROR,ERROR
"County, GA",ERROR,ERROR
"Black Rock, NY",ERROR,ERROR
"Irasburgh, VT",ERROR,ERROR
"St. James, MI",45.751111111,-85.515555555
"Craik, Canada",ERROR,ERROR
"St Johns, AZ",ERROR,ERROR
"Speermore, OK",36.6075339,-99.991519
"Tincup, CO",38.7544,-106.478
"West Brattleboro, VT",42.855833333,-72.603055555
"Leroy, KS",38.0839,-95.6331
"Handsboro, MS",ERROR,ERROR
"Pointe-a-la-Hache, LA",29.576388888,-89.791666666
"Pearlette, KS",ERROR,ERROR
"Altyn, MT",ERROR,ERROR
"Tunbridge Wells, United Kingdom",ERROR,ERROR
"Calico, CA",34.948888888,-116.864166666
"Kaskaskia, IL",37.921388888,-89.916388888
"Forest City, CA",ERROR,ERROR
"Edinburg, IN",ERROR,ERROR
"Cheektowaga, NY",42.9039,-78.7439
"St. Peters, MO",38.778888888,-90.603055555
"Grand Gulf, MS",32.033333333,-91.0525
"Lone Tree, CO",39.5489,-104.893
"Nicola, Canada",ERROR,ERROR
"McKnight, PA",40.555,-80.03638889
"Laport, PA",ERROR,ERROR
"Seydisfjordur, Iceland",ERROR,ERROR
"Jacksonville, KS",ERROR,ERROR
"Algernon, NE",ERROR,ERROR
"East St Louis, IL",ERROR,ERROR
"Bladon Springs, AL",31.7306,-88.1975
"Cahaba, AL",32.316944,-87.101389
"Bigelow, KS",39.6333,-96.5044
"Santa Fe, KS",37.569492,-100.870778
"Leamington, United Kingdom",ERROR,ERROR
"Spout Spring, KY",ERROR,ERROR
"Almaty, KZ, KZ",ERROR,ERROR
"Aldergrove, Canada",ERROR,ERROR
"St. Anthony, ID",43.9661,-111.684
"McConnellsburg, PA",39.9325,-77.99583
"Kackley, KS",39.7,-97.8531
"South Queens, NY",ERROR,ERROR
"Epworth, United Kingdom",ERROR,ERROR
"Miniota, Canada",ERROR,ERROR
"Harlem, IL",42.34027778,-89.01777778
"County, FL",ERROR,ERROR
"Oswego Fulton, NY",ERROR,ERROR
"Casablanca, CB, MA",ERROR,ERROR
"Heber, UT",40.506666666,-111.412222222
"O' Neill, NE",ERROR,ERROR
"Lima, OK",35.173333333,-96.598333333
"New Helena, NE",41.61138889,-99.75111111
"Mount Pleasant, NY",41.1,-73.8
"Sandon, Canada",ERROR,ERROR
"Gandy, NE",41.47,-100.457777777
"Fargo Springs, KS",ERROR,ERROR
"Rockville Center, LI NY",ERROR,ERROR
"Colokan, KS",ERROR,ERROR
"Guy, KS",ERROR,ERROR
"Wellington, FL",26.655,-80.254166666
"Tyrrell, NC",ERROR,ERROR
"Corning, MO",40.2492,-95.4544
"Homer Township, IL",41.606388888,-87.964166666
"Avonlea, Canada",ERROR,ERROR
"Sweetgrass, MT",ERROR,ERROR
"Mt. Pleasant, SC",32.79407,-79.86259
"Hollywood, CA",34.098333333,-118.326666666
"Spout Springs, KY",ERROR,ERROR
"Siglufjordur, Iceland",ERROR,ERROR
"Dundaff, PA",ERROR,ERROR
"Marblehead, OH",41.53444,-82.72889
"Bridgend, United Kingdom",ERROR,ERROR
"West Tampa, FL",ERROR,ERROR
"Saxman, KS",38.280555555,-98.124166666
"Winston, NC",ERROR,ERROR
"NewYork&, Baltimore",ERROR,ERROR
"Rosedale, KS",39.0578,-94.6197
"Saudarkrokur, Iceland",ERROR,ERROR
"Naval Base Kitsap, WA",ERROR,ERROR
"Washington, OH",39.5364,-83.4356
"Little Rock, AZ",ERROR,ERROR
"McAllen, TX",26.216388888,-98.236388888
"Bangor, SD",ERROR,ERROR
"Helsinki, 18, FI",ERROR,ERROR
"Cardiff, United Kingdom",ERROR,ERROR
"Brooklyn Park, MN",45.094166666,-93.356111111
"St. Sophie, LA",ERROR,ERROR
"Wilburn, KS",ERROR,ERROR
"Otter Creek, OK",ERROR,ERROR
"Martland, NE",40.4519,-97.6714
"Staines, United Kingdom",ERROR,ERROR
"Coalton, OK",35.4975,-95.939166666
"St. Paul, MN",44.944166666,-93.093611111
"Hosmer, Canada",ERROR,ERROR
"Six Mile, AL",34.423888888,-86.756388888
"Dalry, United Kingdom",ERROR,ERROR
"Ralston, NE",41.202222222,-96.037222222
"O'Fallon, MO",38.784444444,-90.708055555
"Wakenda, MO",39.3142,-93.3772
"Havana, NY",ERROR,ERROR
"Hewitt, OK",34.1689,-97.4047
"Haskew, OK",ERROR,ERROR
"Brownington, MO",38.2458,-93.7228
"Cornish, OK",34.162777777,-97.595555555
"Bessemer, CO",ERROR,ERROR
"St. Joseph, MI",42.098055555,-86.484166666
"Merthyr Tydfil, United Kingdom",ERROR,ERROR
"Saint Marys, MO",ERROR,ERROR
"Avard, OK",36.6992,-98.79
"Northfield, KS",ERROR,ERROR
"Hillerton, CO",ERROR,ERROR
"Kennicott, AK",ERROR,ERROR
"Fort Benjamin Harrison, IN",ERROR,ERROR
"Calliope, IA",43.00777,-96.48864
"Scott AFB, IL",ERROR,ERROR
"Bigheart, OK",36.559444444,-96.161111111
"Ogden City, UT",ERROR,ERROR
"Northlake, IL",41.914302,-87.9054915
"Stoughton, Canada",ERROR,ERROR
"Onondaga Hollow, NY",ERROR,ERROR
"De Ridder, LA",ERROR,ERROR
"Santa Anita, CA",34.145555555,-118.049722222
"Owl, OK",ERROR,ERROR
"Eagle City, OK",35.933055555,-98.591666666
"Indian Head Park, IL",41.7686,-87.8975
"Davie, FL",26.081388888,-80.280277777
"Onawa City, IA",ERROR,ERROR
"Frisco, KS",37.2286346,-101.7823879
"Robinson, UT",ERROR,ERROR
"Camp Shanks, NY",ERROR,ERROR
"Lansingburgh, NY",42.7833,-73.6667
"Dublin, Dublin, Ireland",ERROR,ERROR
"Roslyn, PA",-40.335880555,175.629747222
"Eskifjordur, Iceland",ERROR,ERROR
"Page City, KS",39.0897,-101.146
"Cornplanter, PA",ERROR,ERROR
"Broad Arrow, Australia",ERROR,ERROR
"Watson, Canada",ERROR,ERROR
"Saint Elmo, CO",ERROR,ERROR
"Medina, KS",39.0778,-95.4211
"Gilead, OH",ERROR,ERROR
"DeSmet, SD",ERROR,ERROR
"Sauk Village, IL",41.4886,-87.5656
"West Eau Claire, WI",ERROR,ERROR
"Washington (DC), DC",ERROR,ERROR
"Harriston, OK",ERROR,ERROR
"Fulford, CO",39.515,-106.656
"Southbridge, New Zealand",-43.811,172.253
"Coon Rapids, MN",45.12,-93.2875
"Rio De Janeiro, RJ, BR",ERROR,ERROR
"Chernivtsi, 77, UA",ERROR,ERROR
"Hanley, Canada",ERROR,ERROR
"Yankee Jim's, CA",ERROR,ERROR
"Maysville, CO",38.5386,-106.19
"Morehead, KS",37.3842,-95.5078
"Mc'Grawville, NY",ERROR,ERROR
"Lakeside, OH",41.543333333,-82.751388888
"Lewis, OK",ERROR,ERROR
"Siboney, OK",ERROR,ERROR
"Pawnee Valley, KS",ERROR,ERROR
"Hillsboro, NC",36.070555555,-79.104166666
"Ferguson, Canada",ERROR,ERROR
"Lone Tree, NE",ERROR,ERROR
"Kingsdown, KS",37.525,-99.7586
"Sherman, MI",44.4239,-85.6967
"Rodney, MS",31.861389,-91.199722
"Knik, AK",ERROR,ERROR
"Clearview, OK",35.396666666,-96.188333333
"Tigard, OR",45.427777777,-122.778888888
"Peckham, OK",36.88694444,-97.17583333
"Bloomington, IA",ERROR,ERROR
"Marmiton, KS",ERROR,ERROR
"Oil City Franklin Clarion, PA",ERROR,ERROR
"Lashburn, Canada",ERROR,ERROR
"Scammonville, KS",ERROR,ERROR
"Wisconsin, WI",ERROR,ERROR
"Enfield, KS",ERROR,ERROR
"Capitol Hill, OK",ERROR,ERROR
"South Coffeyville, OK",36.994166666,-95.621111111
"Stecker, OK",34.9575,-98.3158
"Brooklyn Center, MN",45.074861111,-93.329638888
"Curtis, OK",ERROR,ERROR
"Bridge of Allan, United Kingdom",ERROR,ERROR
"Hilton Head, SC",ERROR,ERROR
"New Murdock, KS",ERROR,ERROR
"Buffalo Park, KS",ERROR,ERROR
"County, WV",ERROR,ERROR
"McDonough, GA",33.445,-84.149166666
", Rochester",ERROR,ERROR
"County, CA",ERROR,ERROR
"Cosmos, OK",ERROR,ERROR
"Bear River, WY",41.384166666,-111.026388888
"Kensington and Chelsea, United Kingdom",ERROR,ERROR
"County, IN",ERROR,ERROR
"Mineral Park, AZ",35.37083333,-114.15305556
"San Jacinto, TX",ERROR,ERROR
"Royalton, VT",43.816111111,-72.547222222
"Warren Township, NJ",40.6346,-74.519
"Fort Rice, ND",ERROR,ERROR
"Retford, United Kingdom",ERROR,ERROR
"West Los Angeles, CA",34.0468546,-118.430254
"Zagreb, 21, HR",ERROR,ERROR
"Bradentown, FL",ERROR,ERROR
"Lexington, KS",37.2939,-99.5994
"NewRochelle, NY",ERROR,ERROR
"Glendale, NY",40.698438888,-73.880105555
"Amherst, NY",42.978333333,-78.8
"Normandy Park, WA",47.437222222,-122.343333333
"Middle Township, NJ",39.088,-74.8376
"Russell, OK",ERROR,ERROR
"Centralia, WI",ERROR,ERROR
"McKinney, TX",33.2,-96.633333333
"Meansville, PA",ERROR,ERROR
"Candelaria, NV",38.1589,-118.089
"Cloverton, NE",ERROR,ERROR
"Jackson, MD",ERROR,ERROR
"Sault Ste Marie, MI",ERROR,ERROR
"Sleepy Hollow, NY",41.091944444,-73.864444444
"Zionville, KS",ERROR,ERROR
"Gun Barrel City, TX",32.328888888,-96.136388888
"Wano, KS",ERROR,ERROR
"Osage City, OK",ERROR,ERROR
"Fond du Lac, WI",43.775138888,-88.444905555
"Roll, OK",35.779166666,-99.711388888
"Lawrenceville, NJ",40.3028,-74.738
"Rosemont, KS",ERROR,ERROR
"Matfield, KS",ERROR,ERROR
"Wanganui, New Zealand",ERROR,ERROR
"Pershing, OK",ERROR,ERROR
"Rush Centre, KS",ERROR,ERROR
"Te Aroha, New Zealand",ERROR,ERROR
"Tunis, Tunisia, TN",ERROR,ERROR
"McKenzie, TN",36.133055555,-88.517222222
"Tuxtla Gutierrez, Mexico",ERROR,ERROR
"Lodge Pole, NE",ERROR,ERROR
"Cascade, Canada",ERROR,ERROR
"Shockeyville, KS",ERROR,ERROR
"Temuka, New Zealand",ERROR,ERROR
"Edgewater, IL",ERROR,ERROR
"Manhattan, NY",40.728333333,-73.994166666
"Van Anda, Canada",ERROR,ERROR
"Dushanbe, TJK, TJ",ERROR,ERROR
"Palm City, CA",ERROR,ERROR
"DeRuyter, NY",42.7584,-75.88436
"Waipawa, New Zealand",ERROR,ERROR
"Wien, Austria",ERROR,ERROR
"Brooksburg, IN",38.7358,-85.2456
"Maumee City, OH",ERROR,ERROR
"Hampden, KS",ERROR,ERROR
"Oamaru, New Zealand",ERROR,ERROR
"Oneida, ID",42.21,-112.52
"Haverstraw, Rockland County NY",ERROR,ERROR
"St. Neots, United Kingdom",ERROR,ERROR
"Roubaix, SD",44.2758183,-103.6663058
"Ray, AZ",33.183333333,-110.9975
"Tregola, KS",ERROR,ERROR
"Fort Steele, Canada",ERROR,ERROR
"Evansville, KS",ERROR,ERROR
"Camp Opelika, AL",ERROR,ERROR
"Grigsby, KS",ERROR,ERROR
"Pahiatua, New Zealand",ERROR,ERROR
"Rock Creek, KS",39.2458,-95.5372
"Sanatoga, PA",ERROR,ERROR
"Bonanza City, ID",ERROR,ERROR
"Lemars, IA",ERROR,ERROR
"Sault Ste. Marie, MI",46.496944444,-84.345555555
"Walkerville, MT",46.03,-112.538333333
"Itasca, KS",ERROR,ERROR
"Ogdensburgh, NY",ERROR,ERROR
"Treasure City, NV",39.229722222,-115.48
"Bancroft, KS",ERROR,ERROR
"Bookertee, OK",35.367319444,-96.083336111
"Elizabethtown, NM",36.6192,-105.284
"Throggs Neck, NY",ERROR,ERROR
"Newell, CA",41.88833333,-121.37222222
"North Pepin, WI",ERROR,ERROR
"McCook, IL",41.79833,-87.83222
"Rivers, AZ",ERROR,ERROR
"Skedee, OK",36.380833333,-96.703888888
"West New Brighton, NY",40.634722222,-74.112222222
"Buffalo, ID",ERROR,ERROR
"Akaroa, New Zealand",ERROR,ERROR
"Fallis, OK",35.749444444,-97.121666666
"Claywood, WI",ERROR,ERROR
"Plum, PA",40.498611111,-79.754444444
"County, NH",ERROR,ERROR
"Fort Adams, AK",ERROR,ERROR
"Iditarod, AK",62.544444444,-158.095277777
"Cestos, OK",ERROR,ERROR
"Cromwell, New Zealand",-45.04,169.2
"Halifax, MD",ERROR,ERROR
"Hillsborough, OH",ERROR,ERROR
"Brent, United Kingdom",ERROR,ERROR
"County, MS",ERROR,ERROR
"Keystone, OK",ERROR,ERROR
"St. Simons Island, GA",ERROR,ERROR
"HENRY County, IL",41.35,-90.14
"St Joseph, MI",ERROR,ERROR
"Greeley Center, KS",ERROR,ERROR
"FortPlain, NY",ERROR,ERROR
"Tellico Village, TN",35.7,-84.26
"Husavik, Iceland",ERROR,ERROR
"Jamesburg, NJ",40.35,-74.439166666
"Thornton, CO",39.9031,-104.954
"Cut Knife, Canada",ERROR,ERROR
"Roslyn, LI NY",ERROR,ERROR
"St. Francisville, LA",30.7847,-91.3806
"Sault St. Marie, Canada",ERROR,ERROR
"Elyton, AL",ERROR,ERROR
"Aspinwall, PA",40.4931,-79.9031
"McHenry, IL",42.339166666,-88.281666666
"Montague, MT",ERROR,ERROR
"Effington, SD",ERROR,ERROR
"Aberdeen, NJ",40.4307,-74.2235
"Manalapan, NJ",40.2824,-74.3466
"Nassau, NPI, BS",ERROR,ERROR
"Homewood, AL",33.468306,-86.808146
"Cedar Bluffs, KS",39.9789,-100.562
"Isafjordur, Iceland",ERROR,ERROR
"Robbinsville, NJ",40.2247,-74.594
"Blairmore, Canada",ERROR,ERROR
"Park, WY",ERROR,ERROR
"Watkins, NY",ERROR,ERROR
"Mondak, MT",48.0203,-104.047
"Capistrano Valley, CA",ERROR,ERROR
"Madison, MI",32.45694,-90.10833
"Town and Country, MO",38.631111111,-90.471666666
"Wauwatosa, WI",43.058888888,-88.026111111
"Brno, 64, CZ",ERROR,ERROR
"Edison, WA",48.5625,-122.436
"Bayside, WI",43.1803,-87.9047
"Byron, OK",36.902222222,-98.295
"Inangahua, New Zealand",ERROR,ERROR
"Homewood, KS",38.5147,-95.3789
"Irving, KS",39.6389,-96.5975
"Hamilton, NV",39.253055555,-115.485
"Horncastle, United Kingdom",ERROR,ERROR
"Saint Johns, OR",ERROR,ERROR
"Jonesboro, NC",ERROR,ERROR
"Oak Point, IL",39.2111,-87.9761
"Apperson, OK",ERROR,ERROR
"Diamond City, MT",ERROR,ERROR
"Alexandria, DC",ERROR,ERROR
"Jakarta, JK, IDN",ERROR,ERROR
"Indianapolis, OK",35.5514,-98.8625
"Jeffersontown, KY",38.2061,-85.5736
"Cape Prince of Wales, AK",ERROR,ERROR
"Weston-Easton, CT",ERROR,ERROR
"Optima, OK",36.759166666,-101.354444444
"Lanark, Canada",ERROR,ERROR
"Nininger, MN",44.7692,-92.9022
"Centralia, OK",36.7967,-95.3533
"Cheviot, OH",39.1578,-84.6125
"Otago, New Zealand",ERROR,ERROR
"Almas, CO",ERROR,ERROR
"Johnson, IA",ERROR,ERROR
"Fairhaven, WA",ERROR,ERROR
"Douthat, OK",36.9592,-94.8361
"Belfast, Antrim, Northern Ireland",ERROR,ERROR
"Crystal, MN",45.032777777,-93.360277777
"Omega, NE",ERROR,ERROR
"Friendville, NE",ERROR,ERROR
"DeKalb, MS",ERROR,ERROR
"Washington Township, NJ",39.7484,-75.0691
"Ravelstoke, Canada",ERROR,ERROR
"Alderley Edge, United Kingdom",ERROR,ERROR
"Canada, KS",38.3542,-97.1128
"County of Buckingham, United Kingdom",ERROR,ERROR
"Riponshire, Australia",ERROR,ERROR
"Manzanar, CA",36.74,-118.080555555
"Lovan, AL",ERROR,ERROR
"Saint Matthews, KY",ERROR,ERROR
"Bloomfield, PA",40.4183,-77.1883
"Fox Lake, MT",47.684166666,-104.625
"Pleasant Hill, NE",40.5867,-97.0817
"Carwile, OK",ERROR,ERROR
"Fairlawn, NJ",ERROR,ERROR
"Saint Thomas, VI",ERROR,ERROR
"Cleo, OK",ERROR,ERROR
"Clinton, Canada",ERROR,ERROR
"Milestone, Canada",ERROR,ERROR
"North Lemmon, ND",45.9461,-102.158
"Jurgensen, OK",ERROR,ERROR
"South Pueblo, CO",ERROR,ERROR
"Mertilla, KS",ERROR,ERROR
"Lake Lanier, GA",ERROR,ERROR
"West Union, NE",42.095,-77.725555555
"Morgan Park, IL",41.69,-87.67
"Brussels, BXL, BE",ERROR,ERROR
"Armington, MT",ERROR,ERROR
"National Park, Canada",ERROR,ERROR
"St Louis, MO",ERROR,ERROR
"Bildudalur, Iceland",ERROR,ERROR
"Avondale, AL",ERROR,ERROR
"Trargalon, Australia",ERROR,ERROR
"Martinsburg, VA",ERROR,ERROR
"Hastings, New Zealand",-39.65,176.833333333
"Westville, MS",33.8539,-88.3858
"St. Albans, VT",44.8097,-73.0872
"Keokuk Falls, OK",35.405,-96.6364
"McGrawville, NY",42.34916667,-78.2275
"DuBois, PA",41.1203,-78.7619
"Greenfield, WI",42.963055555,-87.995833333
"Morton, KS",37.2,-101.8
"Port Simpson, Canada",ERROR,ERROR
"Brookville, IA",ERROR,ERROR
"Bennett, Canada",59.85,-134.983
"Riverton, New Zealand",-46.35,168.016666666
"Lac Qui Parle, MN",45.00055556,-95.90611111
"Bismarck, KS",ERROR,ERROR
"Sacred Heart, OK",35.001111111,-96.809166666
"Fordham, KS",ERROR,ERROR
"Burry Port, United Kingdom",ERROR,ERROR
"Ybor City, FL",ERROR,ERROR
"The Woodlands, TX",30.1775,-95.503888888
"Kempton, OK",ERROR,ERROR
"Doral, FL",25.808144444,-80.353322222
"Elk Grove, IL",ERROR,ERROR
"East Las Vegas, NM",ERROR,ERROR
"Slocan, Canada",ERROR,ERROR
"Salem, KS",ERROR,ERROR
"Knowlton, IA",40.82638889,-94.33222222
"Kendall, FL",25.666666666,-80.356666666
"Fort McMurray, Canada",ERROR,ERROR
"Kiel, OK",ERROR,ERROR
"Le Loup, KS",ERROR,ERROR
"County, AZ",ERROR,ERROR
"Frunze, KYR, KG",ERROR,ERROR
"Warwick, KS",ERROR,ERROR
"Strong City, OK",35.670833333,-99.599444444
"DeWitt, NY",43.054444444,-76.079166666
"Wyandotte, KS",ERROR,ERROR
"Freeport, LI NY",ERROR,ERROR
"Paradise, NV",36.081944444,-115.124722222
"Marysville Yuba, CA",ERROR,ERROR
"Johns Creek, GA",34.0289,-84.1986
"Dingman, PA",ERROR,ERROR
"Sparta, AL",ERROR,ERROR
"Tuckerton, NJ",39.60317,-74.34015
"Highland Park, CA",ERROR,ERROR
"College Corner, IN",40.69416667,-85.885
"Willemstad, Netherlands",12.108,-68.935
"West Seneca, NY",42.85,-78.799722222
"Kailua-Kona, HI",19.65,-155.994166666
"Pine Forest, NC",ERROR,ERROR
"Castle Douglas, United Kingdom",ERROR,ERROR
"Wittsburg, AR",35.2189,-90.7017
"East Saginaw, MI",43.419,-83.947
"Bloomington, MN",44.833611111,-93.31
"Fouts, OK",ERROR,ERROR
"Kentwood, MI",42.8667,-85.6333
"De Pue, IL",41.324166666,-89.306666666
"Den Bosch, Netherlands",ERROR,ERROR
"West Randolph, VT",ERROR,ERROR
"Cambridge, IN",ERROR,ERROR
"Pulaski, Oswego County",ERROR,ERROR
"DeWitt, IA",41.822777777,-90.542777777
"Grasshopper Falls, KS",ERROR,ERROR
"Amite City, LA",30.72861,-90.50833
"Howard City, NE",41.073055555,-98.716388888
"Wheeler, MT",ERROR,ERROR
"West Plains, KS",ERROR,ERROR
"Croton-on-Hudson, NY",41.2042,-73.8861
"South Omaha, NE",41.2106,-95.9625
"Montgomery, MO",52.5628,-3.1493
"New York City, NY",40.7,-74.0
"Evergreen, AL",31.435025,-86.954905
"Silver Cliff, CO",38.1364,-105.439
"Collingswood, NJ",39.9153,-75.0784
"Cora, KS",39.89277778,-98.66361111
"Cahawba, AL",ERROR,ERROR
"Boyle, Roscommon, Ireland",53.972,-8.3
"Lardo, ID",ERROR,ERROR
"Fenelon Falls, Canada",ERROR,ERROR
"Moyie, Canada",ERROR,ERROR
"Auraria, GA",34.475,-84.0233
"Belvedere, CA",37.872777777,-122.464444444
"Altedena, CA",ERROR,ERROR
"Hodgkins, IL",41.7642,-87.8594
"Springfield, KS",ERROR,ERROR
"Harrington, NC",ERROR,ERROR
"Nashville, OK",ERROR,ERROR
"Dannevirke, New Zealand",ERROR,ERROR
"Tanforan, CA",ERROR,ERROR
"El Moro, CO",37.22444444,-104.46666667
"Richland, KS",38.883611111,-95.539722222
"Covert, KS",39.2803,-98.8108
"Navajoe, TX",ERROR,ERROR
"Baron, OK",35.9,-94.6003
"Lestershire, NY",42.1167,-75.9594
"Rodney, New Zealand",ERROR,ERROR
"Prairie City, KS",38.760277777,-95.213333333
"Gladstone, Canada",ERROR,ERROR
"Pittsburg, PA",40.441666666,-80.0
"Keota, CO",40.7028,-104.075
"Buckner, KS",ERROR,ERROR
"Vance AFB, OK",ERROR,ERROR
"Camp Cooke, CA",ERROR,ERROR
"Mt. Carmel, IL",ERROR,ERROR
"Coral Gables, FL",25.75,-80.271111111
"Leaksville, NC",ERROR,ERROR
"Whitesville, Allegany County NY",ERROR,ERROR
"Brookhaven, GA",33.858333333,-84.340277777
"Saint Peter Port, United Kingdom",ERROR,ERROR
"Ravanna, KS",38.1597,-100.382
"Mt. Zion, GA",ERROR,ERROR
"Omio, KS",ERROR,ERROR
"Oakbrook Terrace, IL",41.8538887,-87.9684325
"Hays City, KS",ERROR,ERROR
"Kingston, KING, JM",ERROR,ERROR
"Saint Anthony, MN",45.020277777,-93.217777777
"Whitestown, NY",43.123055555,-75.309166666
"St. Mary's, GA",30.7564,-81.5714
"Canyon City, TX",29.8739,-98.1878
"Lamborn, KS",ERROR,ERROR
"La Crosse, AR",ERROR,ERROR
"Roblin, Canada",ERROR,ERROR
"Laurel Hill, VA",38.7139,-77.2489
"Forest View, IL",41.8075,-87.7861
"Bellaire, KS",37.76251,-97.26699
"McAllaster, KS",39.0061,-101.392
"Trout Lake, Canada",ERROR,ERROR
"Benson, NE",43.251944444,-74.278333333
"Britton, OK",35.5656,-97.5311
"New Chicago, KS",ERROR,ERROR
"Mille Lacs, MN",ERROR,ERROR
"Rushville, NY ;",ERROR,ERROR
"St. Augustine, FL",29.894722222,-81.314444444
"QuAppelle, Canada",ERROR,ERROR
"Mt. Kisco, NY",ERROR,ERROR
"North Riverside, IL",41.8461,-87.8297
"Leesville, IN",38.8456,-86.2844
"Butte Anaconda, MT",ERROR,ERROR
"Dansville Village, NY",ERROR,ERROR
"McGrath, AK",62.956388888,-155.595833333
"Newport, DE",39.7133,-75.6081
"O'Neill, NE",42.460833333,-98.646944444
"Archdale, NC",35.90389,-79.96583
"DeQuincy, LA",30.4508,-93.4356
"Ninnescah, KS",ERROR,ERROR
"Manitou, Canada",ERROR,ERROR
"Faulkland, DE",39.7475,-75.63555556
"Pas, Canada",ERROR,ERROR
"Ocean Beach, CA",32.7525,-117.251944444
"Indiana Harbour, IN",ERROR,ERROR
"Navan, Meath, Ireland",ERROR,ERROR
"Cain City, KS",ERROR,ERROR
"Nokomis, Canada",ERROR,ERROR
"White Pine, CO",ERROR,ERROR
"St. Anthony, MN",45.020277777,-93.217777777
"Decatur Center, KS",ERROR,ERROR
"Coleshill, United Kingdom",ERROR,ERROR
"Dalles, OR",ERROR,ERROR
"Greenfield, NV",ERROR,ERROR
"Mauch Chunk, PA",ERROR,ERROR
"Pokeepsie ie Poughkeepsie, NY",ERROR,ERROR
"Bellefontaine Neighbors, MO",38.748333333,-90.228055555
"Tribbey, OK",35.092777777,-97.091666666
"Aintree, United Kingdom",ERROR,ERROR
"Wellsborough, PA",ERROR,ERROR
"Dodge, KS",ERROR,ERROR
"Webster Groves, MO",38.587777777,-90.354444444
"Geist, IN",39.9289,-85.9822
"Garland, WY",44.778611111,-108.6575
"Elrose, Canada",ERROR,ERROR
"Sunny Isles Beach, FL",25.941666666,-80.125
"St. Ignatius, MT",47.318055555,-114.096111111
"Bayou Sara, LA",ERROR,ERROR
"Bowen, NE",ERROR,ERROR
"Rouleau, Canada",ERROR,ERROR
"Pratt City, AL",ERROR,ERROR
"Hoylake, United Kingdom",ERROR,ERROR
"Glenville, NE",42.929166666,-74.051944444
"Marple, PA",ERROR,ERROR
"Port St. Lucie, FL",27.275833333,-80.355
"Collingwood, New Zealand",-40.677222222,172.682777777
"Fresno, MT",ERROR,ERROR
"Greater Las Vegas, NM",ERROR,ERROR
"Ivanhoe, OK",ERROR,ERROR
"Dermot, KS",ERROR,ERROR
"Plymouth, MN",45.010555555,-93.455555555
"False River, LA",30.5706,-91.5928
"Greece, NY",43.2094,-77.6953
"Belmont, NV",38.5925,-116.871111
"New Garden, IN",ERROR,ERROR
"Burton, NE",42.911388888,-99.591111111
"Canwood, Canada",ERROR,ERROR
"New Smyrna, FL",ERROR,ERROR
"Greece, NY ;",ERROR,ERROR
"Bridgeport, OK",35.546666666,-98.383333333
"Spring Lake, KS",ERROR,ERROR
"Qeqertarsuaq, Greenland",ERROR,ERROR
"Florence, NE",43.438333333,-75.749444444
"Norge, OK",34.988611111,-97.996111111
"Eminence, KS",38.14722222,-100.51027778
"Tompkinsville, NY",40.633888888,-74.085833333
"Roxborough, PA",ERROR,ERROR
"Leadboro, MT",ERROR,ERROR
"Mayfield, CA",-43.821111111,171.421666666
"Peoria, TX",31.975833333,-97.221111111
"Arrowtown, New Zealand",ERROR,ERROR
"New Echota, GA",ERROR,ERROR
"Sandy Springs, GA",33.9375,-84.368611111
"Westampton, NJ",40.0184,-74.8168
"Irondequoit, NY",43.211111111,-77.581944444
"County, DE",ERROR,ERROR
"Quaker Valley, KS",ERROR,ERROR
"Hodgeman Center, KS",ERROR,ERROR
"Avilla, KS",ERROR,ERROR
"McCrory, AR",35.257777777,-91.196666666
"Topaz, UT",ERROR,ERROR
"Cascades, VA",39.0475,-77.3869
"Woodville, OK",ERROR,ERROR
"Johannesburg, GAUT, ZA",ERROR,ERROR
"Cincinnati, AR",36.0372,-94.5111
"Nonchalanta, KS",38.28333333,-100.10027778
"Bryan-College Station, TX",ERROR,ERROR
"Tinton, SD",44.3805,-104.049
"Upper Arlington, OH",40.0206,-83.0664
"West Bowersville, GA",ERROR,ERROR
"Prairie du Chien, WI",43.05165,-91.141241666
"Alameda, Canada",ERROR,ERROR
"Patea, New Zealand",ERROR,ERROR
"Marysville Yuba City, CA",ERROR,ERROR
"Wilmer, Canada",ERROR,ERROR
"Hamilton, NJ",40.207,-74.6744
"Depere, WI",ERROR,ERROR
"Agana, Guam",13.483333333,144.75
"Reamsville, KS",39.93,-98.8669
"Webster, KS",39.38694444,-99.41777778
"County, VA",ERROR,ERROR
"MaComb, OK",35.147777777,-97.008333333
"Earl Grey, Canada",ERROR,ERROR
"Great Barr, United Kingdom",ERROR,ERROR
"Miner, SD",ERROR,ERROR
"Cleburne, KS",ERROR,ERROR
"Manchester, VA",37.4889,-77.5439
"Devils, ND",ERROR,ERROR
"Cloud Chief, OK",35.2525,-98.843055555
"Big Fork, MT",ERROR,ERROR
"Baldur, Canada",ERROR,ERROR
"De Land, FL",ERROR,ERROR
"Tarrytown-Sleepy Hollow, NY",ERROR,ERROR
"Campbell, OK",ERROR,ERROR
"San Juan, CA",11.2848,124.6608
"DeSoto, NE",ERROR,ERROR
"Yale, Canada",ERROR,ERROR
"Moore, OK",35.339527777,-97.486694444
"Cleveland, KS",37.5517,-98.1336
"Denson, AR",ERROR,ERROR
"Harlan, KS",39.6056,-98.7669
"Palermo, KS",39.7325,-94.9767
"Panama City, Panama, Panama",ERROR,ERROR
"Battleboro, VT",ERROR,ERROR
"Foxton, New Zealand",-40.471666666,175.285833333
"Fort Chaffee, AR",ERROR,ERROR
"Liege, WAL, BE",ERROR,ERROR
"Sartoria, NE",40.9783,-99.2139
"Noble, IN",40.46944427,-84.82611084
"Purdy, OK",34.715833333,-97.5875
"Jefferson, MO",43.772777777,-90.75
"Phoenix, Canada",ERROR,ERROR
"Bringier, LA",ERROR,ERROR
"Belgrade, 0, RS",ERROR,ERROR
"Schoharie, KS",ERROR,ERROR
"Waimate, New Zealand",ERROR,ERROR
"Marshfield, OR",ERROR,ERROR
"Home City, KS",ERROR,ERROR
"Pruntytown, WV",39.3339,-80.0767
"Bixby, NC",ERROR,ERROR
"St. Martinville, LA",30.125,-91.8306
"Eagan, MN",44.817777777,-93.166944444
"Hope, NY",43.3,-74.25
"Massett, Canada",ERROR,ERROR
"McComb, OK",ERROR,ERROR
"Quindaro, KS",ERROR,ERROR
"Cairo, C, EG",ERROR,ERROR
"St. Ives, Cambridgeshire, England",ERROR,ERROR
"Lake Landing, NC",ERROR,ERROR
"Happy Valley, MO",ERROR,ERROR
"Grand, OK",35.982222222,-99.795277777
"Lerado, KS",37.7764,-98.2825
"Ransomville, KS",38.5064,-95.4258
"Manzano, NM",34.65028,-106.34806
"Cupar, Canada",ERROR,ERROR
"Square Butte, MT",47.515,-110.19833333
"Lake View, IL",ERROR,ERROR
"Salt Fork, OK",36.635,-97.58888889
"Dragerton, UT",ERROR,ERROR
"Cumminsville, NE",41.9869,-98.5483
"Ladora, NE",ERROR,ERROR
"Burress, NE",40.5814,-97.5017
"Mounds View, MN",45.105,-93.208611111
"McVeytown, PA",40.4975,-77.74056
"MacGregor, Canada",ERROR,ERROR
"Simpson, Canada",ERROR,ERROR
"Bigelow, MO",40.1103,-95.2903
"Pinecrest, FL",25.666666666,-80.3
"HoneoyeFalls, NY",ERROR,ERROR
"Allegheny, PA",40.45,-80.02
"Carthage, OK",ERROR,ERROR
"County, MA",ERROR,ERROR
"Ruby City, ID",43.0261,-116.733
"Essex, KS",ERROR,ERROR
"Cross, OK",ERROR,ERROR
"Guilford, KS",ERROR,ERROR
"Dinbych, United Kingdom",ERROR,ERROR
"Sparta, LA",32.3675,-93.07972222
"Greenburgh, NY",41.031944444,-73.833055555
"Chincoteague, VA",37.93444,-75.36778
"Kenosha City, WI",ERROR,ERROR
"Anoka, NE",42.946944444,-98.830277777
"Huber Heights, OH",39.850833333,-84.1275
"Burford, OK",ERROR,ERROR
"Fort Greene, NY",40.68697,-73.97505
"Christiansted, Virgin Islands",ERROR,ERROR
"Ceredo, VA",ERROR,ERROR
"Yardley, PA",40.2414,-74.8364
"North Kansas City, MO",39.1389,-94.5706
"Chantilly, KS",ERROR,ERROR
"DeForest, WI",43.2458,-89.3458
"Bexley, OH",39.964444,-82.932778
"County, OR",ERROR,ERROR
"Brighton, NY",43.1233,-77.5681
"Louisville, IN",ERROR,ERROR
"Kendrick, OK",35.785277777,-96.775277777
"Iowa Point, KS",39.928333333,-95.238611111
"Nelagoney, OK",36.626388888,-96.242222222
"Ottawa, IA",ERROR,ERROR
"Sumner, KS",ERROR,ERROR
"Quay, OK",36.16,-96.711111111
"Swan Quarter, NC",35.406277777,-76.329086111
"Bay View, WI",ERROR,ERROR
"Eastonville, CO",39.061111111,-104.562222222
"Hot Springs, AR",34.497222222,-93.055277777
"Selkirk, KS",38.4733,-101.544
"Youngstown, Canada",ERROR,ERROR
"NewYork, NY",ERROR,ERROR
"Brinkman, OK",35.01,-99.516666666
"Bala City, KS",ERROR,ERROR
"Kenmore, NY",42.965,-78.8717
"Point Lookout, MD",ERROR,ERROR
"Bland, NM",ERROR,ERROR
"Sedgewick, Canada",ERROR,ERROR
"Mcarthur, OH",39.24694,-82.47944
"Lyttelton, New Zealand",-43.6,172.716666666
"St. Helena, NE",42.812222222,-97.250555555
"Fort Whipple, AZ",34.5547,-112.453
"Raytown, MO",38.995,-94.465555555
"County, PA",ERROR,ERROR
"Agana Heights, Guam",13.468333333,144.745833333
"Leeston, New Zealand",ERROR,ERROR
"Pauline, NE",40.4164,-98.3456
"Dresser Junction, WI",ERROR,ERROR
"Ecter, OK",ERROR,ERROR
"Central City, IL",38.5481,-89.1286
"Berea, NC",ERROR,ERROR
"Penfield, GA",33.667222222,-83.1775
"Marvin, KS",ERROR,ERROR
"Clearing, IL",ERROR,ERROR
"Beamsville, Canada",ERROR,ERROR
"Woodville, New Zealand",-40.3371,175.8667
"Hagers-Town, MD",ERROR,ERROR
"McLean, VA",38.928333333,-77.175277777
"Napoleon, AR",33.795638888,-91.107111111
"Gore, New Zealand",-46.156666666,168.898333333
"Kumara, New Zealand",-42.6333,171.183
"Knowersville, NY",ERROR,ERROR
"Middlesex, United Kingdom",ERROR,ERROR
"Dawson, OK",ERROR,ERROR
"Vienna, NY",43.233333333,-75.733333333
"Burnham, IL",41.6356,-87.5514
"St Martinsville, LA",ERROR,ERROR
"Doaksville, OK",34.0358333,-95.0716667
"Suggsville, AL",31.5896,-87.693
"Bloomington, MO",39.796944444,-92.560277777
"Preston, SD",ERROR,ERROR
"Raymer, CO",40.6086,-103.843
"Germantown, NE",ERROR,ERROR
"Parma, OH",41.391666666,-81.727777777
"St. Marys, PA",41.427777777,-78.560833333
"Potsdam Junction, NY",ERROR,ERROR
"Bazile Mills, NE",42.511944444,-97.905555555
"Haltemprice, United Kingdom",ERROR,ERROR
"Geneva, WI",42.611944444,-88.488333333
"Silver Springs, NY ;",ERROR,ERROR
"Millbrook, Canada",ERROR,ERROR
"Richmond upon Thames, United Kingdom",ERROR,ERROR
"Ashgabat, TZM, TM",ERROR,ERROR
"Mt. Airy, NC",ERROR,ERROR
"Dilworth, OK",36.941388888,-97.228055555
"Hornellsville, NY",42.346111111,-77.673888888
"Wakaw, Canada",ERROR,ERROR
"Lovewell, KS",39.86527778,-97.98166667
"Edina, MN",44.889694444,-93.350111111
"Anaconda, Canada",ERROR,ERROR
"Pitzer Mines, KS",ERROR,ERROR
"Easthampton, NY",ERROR,ERROR
"McMinnville, OR",45.211666666,-123.197222222
"Wa Keeney, KS",ERROR,ERROR
"Dubois, PA",41.1203,-78.7619
"Wellsville-Hornell, NY",ERROR,ERROR
"Winston-Salem, NC",36.1025,-80.260555555
"McAllen, Tex",26.216388888,-98.236388888
"Platte, MO",ERROR,ERROR
"St. Helena, CA",38.502777777,-122.469722222
"Kinnelon, NJ",40.9838,-74.3854
"Montclair Village, CA",ERROR,ERROR
"Monowi, NE",42.828611111,-98.329722222
"Archer, MT",ERROR,ERROR
"Malcolm, Australia",ERROR,ERROR
"Douglas, United Kingdom",ERROR,ERROR
"Ivanhoe, KS",ERROR,ERROR
"Butte City, MT",ERROR,ERROR
"Nescutunga, KS",ERROR,ERROR
"Lake in the Hills, IL",42.1867,-88.3475
"Taloga, KS",ERROR,ERROR
"Howe, NE",40.3219,-95.8192
"Shiloh, IL",38.55,-89.9167
"Carmarthen, United Kingdom",ERROR,ERROR
"Loco, KS",ERROR,ERROR
"Quincy, KS",37.8819,-95.9928
"DuBois, IN",38.445277777,-86.804444444
"McCool Junction, NE",40.743333333,-97.595555555
"Richmond, LA",32.3858,-91.1747
"Sidney, KS",ERROR,ERROR
"Aetna, KS",37.0839,-98.9628
"Pitman's Ferry, AR",ERROR,ERROR
"Havilah, CA",35.5178,-118.519
"Barkerville, Canada",ERROR,ERROR
"Oakville, MO",38.458611111,-90.319444444
"Sharp Park, CA",ERROR,ERROR
"Granite, CA",ERROR,ERROR
"Pearl Harbor Navy Base/Hickam AFB, HI",ERROR,ERROR
"Saint Joseph, FL",38.4,-85.8083
"Featherston, OK",ERROR,ERROR
"Fort Wallace, KS",ERROR,ERROR
"East St. Louis, IL",38.625,-90.1575
"Rockerville, SD",43.9581,-103.359
"Martinez, GA",33.51583,-82.1
"La Porte, NE",ERROR,ERROR
"Red Lake, MN",47.876388888,-95.016944444
"La Kemp, OK",ERROR,ERROR
"Grant's Pass, OR",ERROR,ERROR
"Parker, IN",ERROR,ERROR
"Mt. Juliet, TN",36.202777777,-86.513611111
"Jefferson City, LA",ERROR,ERROR
"Bloomington, UT",37.046382,-113.605765
"McMinnville, TN",35.68667,-85.77917
"Middlebush, NJ",40.5057,-74.5334
"May's Landing, NJ",ERROR,ERROR
"Fremont, KS",ERROR,ERROR
"Terry, SD",44.33361111,-103.81694444
"Marshall, IA",ERROR,ERROR
"Egham, United Kingdom",ERROR,ERROR
"Lewiston Auburn, ME",ERROR,ERROR
"Fentress, TN",ERROR,ERROR
"Alderson, Canada",ERROR,ERROR
"Hiattville, KS",37.7222,-94.8717
"Cunningham, MO",36.19694444,-89.70027778
"Alabama City, AL",34.022333333,-86.045527777
"Lansingburgh ie Troy, NY",ERROR,ERROR
"Marion, NE",40.0158,-100.481
"Tangier, OK",36.42083333,-99.53333333
"Hoffman, OK",35.4883,-95.8447
"County, ME",ERROR,ERROR
"Bangor, AL",33.9744,-86.7567
"Tamora, NE",40.893888888,-97.225
"Cerillos, NM",ERROR,ERROR
"Stoke On Trent, United Kingdom",ERROR,ERROR
"City Island, NY",ERROR,ERROR
"Chitham, IL",ERROR,ERROR
"Hillingdon, United Kingdom",ERROR,ERROR
"Hatfield, KS",ERROR,ERROR
"County, CO",ERROR,ERROR
"Volcano, WV",39.2328,-81.2847
"Christiansted, U.S. Virgin Islands",ERROR,ERROR
"Bethlehem, NY",42.6,-73.833333333
"County, LA",ERROR,ERROR
"Crediton, United Kingdom",ERROR,ERROR
"Peace, KS",38.2106,-98.2044
"Saddleback Valley, CA",ERROR,ERROR
"Little Missouri, ND",ERROR,ERROR
"Homestead, OK",36.149722222,-98.393888888
"South Riverside, CA",ERROR,ERROR
"SeaTac, WA",47.441388888,-122.293055555
"Petroleum Center, PA",41.5161,-79.6825
"Point Pleasant Lake, NJ",ERROR,ERROR
"Supply, OK",ERROR,ERROR
"Hull, United Kingdom",ERROR,ERROR
"Conwayboro, SC",ERROR,ERROR
"Oxford, New Zealand",-43.298,172.188
"East Cleveland, OH",41.5317,-81.5819
"Lawrence, NJ",40.2959,-74.7201
"Gross, NE",42.946666666,-98.569166666
"Downs, OK",ERROR,ERROR
"Petroleum Centre, PA",ERROR,ERROR
"Celia, KS",39.78527778,-101.31583333
"Clayton, MO",38.645277777,-90.331944444
"St. Clair, MO",38.04,-93.77
"Coronado, KS",38.485833333,-101.304722222
"Mt. Dora, FL",ERROR,ERROR
"Michigan Valley, KS",38.6817,-95.5267
"County, NY",ERROR,ERROR
"Englewood, IL",41.78,-87.645
"Redondo, CA",ERROR,ERROR
"San Luis, TX",ERROR,ERROR
"Marin, CA",ERROR,ERROR
", Dansville",ERROR,ERROR
"Surf City, NC",34.428055555,-77.543333333
"Athelstan, IA",40.572777777,-94.5425
"County, VT",ERROR,ERROR
"Hector, KS",ERROR,ERROR
"Dunkirk Fredonia, NY",ERROR,ERROR
"Sandusky, VT",ERROR,ERROR
"Salem, NC",35.7039,-81.6989
"New London, IN",40.4433,-86.2714
"Kanawha, WV",39.1989,-81.46
"Havelock, New Zealand",-41.283055555,173.766666666
"Village of Buffalo, NY",ERROR,ERROR
"Allison, KS",39.575,-100.264
"Eastern Division, United Kingdom",ERROR,ERROR
"St Regis Falls, NY",ERROR,ERROR
"Landis, Canada",ERROR,ERROR
"Maldonado, NM",ERROR,ERROR
"Reece, KS",37.7989,-96.4464
"Petersburg, Australia",ERROR,ERROR
"St. Edward, NE",41.571388888,-97.861388888
"California, KS",ERROR,ERROR
"Wasioja, MN",44.08027778,-92.81944444
"Republic City, KS",ERROR,ERROR
"Mayday, KS",ERROR,ERROR
"Saint Arnaud, Australia",ERROR,ERROR
"Glenboro, Canada",ERROR,ERROR
"Norwood, OH",39.16,-84.455
"Northwest Chicago, IL",ERROR,ERROR
"Mine La Motte, MO",37.615555555,-90.289722222
"Lower Sandusky, OH",ERROR,ERROR
"Berks, PA",ERROR,ERROR
"Eustis, KS",ERROR,ERROR
"Lockland, OH",39.2264,-84.4553
"Capron, OK",ERROR,ERROR
"Ukiah City, CA",ERROR,ERROR
"North Topeka, KS",39.0722,-95.6669
"Kingston, NM",32.9169,-107.706
"Copenhagen, DK, DK",ERROR,ERROR
"McGee, OK",ERROR,ERROR
"La Porte, CA",39.68167,-120.98472
"Minnesota Falls, MN",ERROR,ERROR
"St. Marys, OH",40.5442,-84.39
"Liberty, Canada",ERROR,ERROR
"Forest City, SD",45.00277778,-100.30027778
"Sandy Hill, NY",43.302222222,-73.580555555
"Balrandald, Australia",ERROR,ERROR
"Murray City, UT",ERROR,ERROR
"Kusa, OK",35.449166666,-95.924166666
"Westerham, United Kingdom",ERROR,ERROR
"L'Anse, MI",46.756666666,-88.453333333
"Walnut City, KS",ERROR,ERROR
"Cremorne Junction, Australia",ERROR,ERROR
"Hawkesbury, Australia",ERROR,ERROR
"Fort Hawkins, GA",ERROR,ERROR
"Lincoln, VT",44.0955426,-72.9724365
"Mt. Orab, OH",39.0297,-83.925
"Feasterville, PA",40.143888888,-75.005277777
"Garrison, NE",41.175555555,-97.165
"Rosita, CO",38.0972,-105.336
"Ashburn Farm, VA",ERROR,ERROR
"Pike, PA",ERROR,ERROR
"Bandung, JB, IDN",ERROR,ERROR
"Rio Grande, TX",ERROR,ERROR
"Little Valley, NY ;",ERROR,ERROR
"Logansport, KS",ERROR,ERROR
"Dalbeattie, United Kingdom",ERROR,ERROR
"Cash City, KS",ERROR,ERROR
"Quartz Creek, Canada",ERROR,ERROR
"Carrollton, LA",29.952222,-90.127222
"Osage Mission, KS",37.5186,-95.1736
"Brooklyn, Canada",ERROR,ERROR
"DeBary, FL",28.881388888,-81.324166666
"Zion City, IL",ERROR,ERROR
"Coldwater, OK",ERROR,ERROR
"Saratoga, NY",43.066666666,-73.616666666
"Brownlee, NE",42.2881,-100.626
"Lordsburg, CA",ERROR,ERROR
"Katalla, AK",60.197222222,-144.518333333
"Eastmanville, MI",43.0167,-85.9564
"Indian Springs, MO",48.95777778,-115.04361111
"Mt. Vernon, NY",40.914166666,-73.830555555
"St Francisville, LA",ERROR,ERROR
"Harris, Canada",ERROR,ERROR
"Cooperton, OK",34.866111111,-98.87
"Opunake, New Zealand",ERROR,ERROR
"Karlovac, 4, HR",ERROR,ERROR
"StatenIsland, NY",ERROR,ERROR
"Crystal, CO",39.059167,-107.101111
"Harper's Ferry, VA",ERROR,ERROR
"Borough Of Sandwich, United Kingdom",ERROR,ERROR
"Saratoga, KS",ERROR,ERROR
"McConnelsville, OH",39.64889,-81.85194
"Cincinnati, KS",ERROR,ERROR
"Killingly, CT",41.831388888,-71.850277777
"Lago Vista, TX",30.449722222,-97.996111111
"St. Joseph, MN",45.565555555,-94.313055555
"North Plainfield, NJ",40.622777777,-74.435833333
"Granite, MT",46.316,-113.244
"Eldersburg, MD",39.403611111,-76.950277777
"Silver Mountain, CA",38.6053,-119.769
"Port Vincent, LA",30.3372,-90.8419
"Clifton, SD",ERROR,ERROR
"Halcyon, CA",35.103333333,-120.595833333
"David, OK",ERROR,ERROR
"Alluwe, OK",36.6103,-95.4872
"St. Michael, MN",45.20996,-93.66496
"Excelsior-Minnetonka-Eden Prairie, MN",ERROR,ERROR
"Vienna, LA",32.59098,-92.64793
"Central Butte, Canada",ERROR,ERROR
"Deland-Lake Helen, FL",ERROR,ERROR
"Kalvesta, KS",38.0594,-100.286
"Newtown, CA",38.70444444,-120.67916667
"Butte-Anaconda, MT",ERROR,ERROR
"Silver City, ID",43.016944,-116.733056
"Agassiz, Canada",ERROR,ERROR
"Salt Pond, Canada",ERROR,ERROR
"Fairmount, MO",ERROR,ERROR
"Golden, KS",ERROR,ERROR
"Breckenridge, OK",36.448333333,-97.726944444
"Cantonment, OK",ERROR,ERROR
"Toshkent, UZ, UZ",ERROR,ERROR
"Cutler Ridge, FL",25.580555555,-80.346666666
"Georgetown, MO",38.758611111,-93.238055555
"Whidbey Island Naval Base, WA",ERROR,ERROR
"Mccook, NE",40.205277777,-100.626111111
"Port St. Joe, FL",29.814722222,-85.297222222
"County, NE",ERROR,ERROR
"County, NJ",ERROR,ERROR
"Goodland, OK",ERROR,ERROR
"Hafnarfjordur, Iceland",ERROR,ERROR
"Lang, Canada",ERROR,ERROR
"Cumberland, Australia",ERROR,ERROR
"Alta, UT",40.580833333,-111.637222222
