"El Dorado, MO"
"West Oak Lane, PA"
"Shanghai, Shanghai, CN"
"French, NM"
"Ryansville, KS"
"Lindsay, Canada"
"Paramaribo, PM, SR"
"County, NC"
"Coalmont, Canada"
"Castor, Canada"
"Wrexham, United Kingdom"
"Yazoo, MS"
"County, OK"
"Houlton, OR"
"New Denver, Canada"
"Nevada, CA"
"West Virginia City, SD"
"Hiawatha, NE"
"Brush Creek, IA"
"Saint Johns, Canada"
"Gettysburg, KS"
"Berry's Station, KY"
"Keesler Army Airfield, MS"
"County, IL"
"Howland, OH"
"Looney, OK"
"Shoal Lake, Canada"
"San Acacio, NM"
"Potttstown, PA"
"Du Buque, WI"
"Feldkirch, Austria"
"Reefton, New Zealand"
"St Helens, OR"
"Crieff, United Kingdom"
"LaGrange, KY"
"Wilsonton, KS"
"Garrison, KS"
"Admiral, MD"
"Swan Lake, SD"
"Hadley, Canada"
"Coakerville, Canada"
"Munson, Canada"
"Motueka, New Zealand"
"Heart Mountain, WY"
"Orwell, KS"
"Williamsbueg, OH"
"Demersville, MT"
"Weir City, KS"
"Fort MacLeod, Canada"
"Amache, CO"
"Whitewood, Canada"
"Limerick, PA"
"Ewington, IL"
"University Place, NE"
"Hyde Park, IL"
"Prestonburg, KY"
"Consort, Canada"
"Ngaruawahia, New Zealand"
"Kearny, KS"
"Port Wallaroo, Australia"
"Njardvik, Iceland"
"Borough Of Canterbury, United Kingdom"
"Mt. Gilead, OH"
"Cane Hill, AR"
"Saratoga Park, KS"
"Tulln, Austria"
"Powlett, Australia"
"Terry, KS"
"Gould, KS"
"Mt. Laurel, NJ"
"Denbigh, United Kingdom"
"L' Anse, MI"
"DeLamar, ID"
"Birtle, Canada"
"Fort Wrangel, AK"
"Grindavik, Iceland"
"DeKalb, MO"
"Village of Pulaski, Oswego Co"
"Cork, Cork, Ireland"
"Fornfelt, MO"
"L''Anse, MI"
"Tioga, KS"
"Te Miro, New Zealand"
"Bull City, KS"
"Cape Ann, MA"
"Port Phillip, Australia"
"Cotton Gin, TX"
"Lawson, Canada"
"Strathcona, Canada"
"Carlton, OK"
"County, CT"
"Brigus, Canada"
"Echo PO, Port Jefferson NY"
"Yorksville, IL"
"Primos, PA"
"Loyal, KS"
"Clatsop, OR"
"Sherman Center, KS"
"Cambridge, TX"
"Richmond, OK"
"Bonnet Carre, LA"
"Homerville, NE"
"Dakota, OH"
"Carlow, Carlow, Ireland"
"Gravesville, WI"
"County, RI"
"Lakemp, OK"
"Palmetto City, KS"
"Flat River, MO"
"Bacone, OK"
"Ashbourne, United Kingdom"
"Sterling Rock Falls, IL"
"Cresent City, CA"
"Glen's Falls, NY"
"Oakland, KS"
"Tyrone City, PA"
"Cloverdale, Canada"
"Weston, Canada"
"Mexico, NM"
"Oceanus, NY"
"100 Mile House, Canada"
"New Decatur, AL"
"Armourdale City, KS"
"Marion Centre, KS"
"Bodarc, NE"
"Cherry Point MCAS, NC"
"Van Ettenville, NY"
"Greensboro, MS"
"Rivers, Canada"
"Maryfield, Canada"
"Paeroa, New Zealand"
"Bella Coola, Canada"
"Beaverton, New Zealand"
"Irma, Canada"
"County, KY"
"Westport, MO"
"Mitchellville, KS"
"Benton, OK"
"Clutha, New Zealand"
"Sequachee, TN"
"Midway, Canada"
"Baku, AZE, AZ"
"Mt Vernon, IL"
"Hartland, KS"
"Grandview, Canada"
"East Orange, IA"
"Glenora, Canada"
"Fernandina, FL"
"Cascade, SD"
"Middletown-Point, NJ"
"Camp Douglas, UT"
"M'Grawville, NY"
"Newcastle upon Tyne, United Kingdom"
"Cary Grove, IL"
"Lima, IN"
"Monte Ne, AR"
"Surprise, KS"
"Eastend, Canada"
"Armada, NE"
"County, AK"
"Kaslo, Canada"
"North La Crosse, WI"
"Chant, OK"
"Daytona, FL"
"Belfast, UU, NIR"
"West Haven, KS"
"Buenos Aires, BA, AR"
"Hot Springs, AK"
"Marysville, Canada"
"County, MO"
"Beaver Dam, NC"
"Wilson Creek, Canada"
"Booyoolee, Australia"
"Edgewater ie Staten Island, NY"
"Cucamonga, CA"
"Crofton, Canada"
"Viscount, Canada"
"Cundiff, KS"
"Belfast, Australia"
"Augustine, KS"
"County, WY"
"Eagle City, AK"
"Walton-on-Thames, United Kingdom"
"Loverna, Canada"
"St. Genevieve, MO"
"Ardmore-Wayne, PA"
"Greene, NC"
"St. Ives, Cornwall, England"
"East Ely, NV"
"Queen Charlotte, Canada"
"Akranes, Iceland"
"Pores Knob, NC"
"Cedarville, KS"
"County, AL"
"County, IA"
"Okanagan Falls, Canada"
"Sheppard Field, TX"
"Comanche City, KS"
"Westlake Hills, TX"
"County, TX"
"Chatham Four Corners, NY"
"Spokane, MT"
"Camp Gruber, OK"
"Vonda, Canada"
"Lac Du Bonnet, Canada"
"Bannock City, ID"
"Plattsburg, MS"
"Hazelton, Canada"
"Wichita, TX"
"Bashaw, Canada"
"Caernarvon, United Kingdom"
"Poplar Creek, Canada"
"Appleton, KS"
"Mt. Vernon, IN"
"Atlin, Canada"
"Mt Pleasant, IA"
"Cornwall, United Kingdom"
"Scranton, MS"
"Mt. Sterling, OH"
"County, MI"
"Sintaluta, Canada"
"Robinson, NM"
"Uhrichsville Dennison, OH"
"Leger, OK"
"Wolseley, Canada"
"Castle, MT"
"Penn Hills, PA"
"Passaic City, NJ"
"Springvale, KS"
"Monitor, Canada"
"Riverhurst, Canada"
"St. Mary's, MD"
"Granum, Canada"
"Ladner, Canada"
"Sterrett, OK"
"Davisville, CA"
"Bliss, OK"
"Banner City, KS"
"Bliss and Silver Springs, NY"
"Swansea, United Kingdom"
"Summitville, CO"
"Darrow, OK"
"Dover New Philadelphia, OH"
"Centenary, IA"
"Ainsworth, Canada"
"Prairieville, WI"
"St. Tammany County, LA"
"Port Essington, Canada"
"Mesilla, AZ"
"Qu'Appelle, Canada"
"Augusta, OK"
"Jonesboro, TN"
"Colony, WY"
"Olcott, KS"
"Guertie, OK"
"Five Mile Beach, NJ"
"Vermilionville, LA"
"Blue Mountains, Australia"
"Mt. Vernon, MO"
"Altona, Germany"
"Waterford-Hickman, CA"
"Salmon City, ID"
"Medan, SB, IDN"
"Crisfield, KS"
"Farimont, WV"
"Elmore, OK"
"Frank, Canada"
"Fairview, Canada"
"Spruce, NY"
"County, SC"
"Mt Kisco, NY"
"Coleman, Canada"
"Darlington, OK"
"Radville, Canada"
"County, MN"
"Brockway Centre, MI"
"Taranaki, New Zealand"
"New Oregon, IA"
"Western, IA"
"Kickapoo City, KS"
"County, WA"
"Sulpher Springs, TX"
"Big Elk, MT"
"Saint George, Australia"
"Parker, OK"
"Ontonta, NY"
"Flekkefjord, 10, NO"
"Morrissey, Canada"
"Kenneth, KS"
"DeQueen, AR"
"Silverton, Canada"
"Plattsburgh, MO"
"Bowmanville, Canada"
"Barksdale Field, LA"
"Mussel Fork, MO"
"County, ID"
"New, York"
"New Liskeard, Canada"
"Otero, NM"
"Columbia, Canada"
"Navina, OK"
"Vestmannaeyjar, Iceland"
"Mechanicstown, MD"
"Georgetown, DC"
"Dodsland, Canada"
"Strasbourg, Canada"
"Govan, Canada"
"Eddy, NM"
"Burnett, NE"
"County, MD"
"Gate City, AL"
"Appleton, MO"
"Borough Of Hythe, United Kingdom"
"Berwyn, OK"
"Toisnot, NC"
"Kilbourn City, WI"
"McKnight, OK"
"Aratapu, New Zealand"
"Surabaya, JI, IDN"
"Frisco, OK"
"Voltaire, KS"
"Jeffersonville, VA"
"St. Mary's, OH"
"Irvington, IN"
"Wiarton, Canada"
"Camp Rucker, AL"
"Bishop's Stortford, United Kingdom"
"Parkland, PA"
"Kemptville, Canada"
"Brixen, Italy"
"Texmo, OK"
"Gainsville, AR"
"Mount Ida, New Zealand"
"Ft. Gibson, OK"
"Clonmel, South Tipperary, Ireland"
"Fort Kearny, NE"
"Kane'ohe, HI"
"Wendell, KS"
"Old Town, ID"
"Alberni, Canada"
"Radisson, Canada"
"Meyronne, Canada"
"Fort Washita, OK"
"Port Darwin, Australia"
"Juliet, IL"
"Goodwin, OK"
"Fort Randall, SD"
"Pithole City, PA"
"Acton, Canada"
"Geary City, KS"
"Canal Dover, OH"
"Buffalo, NY ;"
"Sheffield, MO"
"Manatee, FL"
"County, WI"
"Waterford, Waterford, Ireland"
"LaRussell, MO"
"Scullin, OK"
"Belmont, Canada"
"Fort Winnebago, WI"
"Tokyo, 13, JP"
"Hagers Town, MD"
"Panola, MS"
"Frankfort, MD"
"Metropolitan, Nassau County Freeport"
"Orono, Canada"
"Beaverdell, Canada"
"Echota, GA"
"Lemberg, Canada"
"Albany, AL"
"Borough Of Maidstone, United Kingdom"
"Union Village, NY"
"Erickson, Canada"
"Carbon, Canada"
"Platte City, NE"
"Londonderry, Londonderry, Northern Ireland"
"Ninette, Canada"
"Antelopeville, NE"
"Bower, NC"
"Hoyle, OK"
"Washtenaw, MI"
"Macleod, Canada"
"Prague, 10, CZ"
"Yilgarn, Australia"
"Frontier City, OK"
"Wicker Park, IL"
"South Port, WI"
"Greenwood, Canada"
"Rapid City, Canada"
"Tralee, Kerry, Ireland"
"Stewart, Canada"
"Butler, NV"
"Maiden, MT"
"Timisoara, TM, RO"
"Beaver, NE"
"Three Forks, Canada"
"Ymir, Canada"
"Stonington-Port, CT"
"St Johns, Canada"
"Burrowa, Australia"
"County, KS"
"County, GA"
"Black Rock, NY"
"Irasburgh, VT"
"Craik, Canada"
"St Johns, AZ"
"Handsboro, MS"
"Pearlette, KS"
"Altyn, MT"
"Tunbridge Wells, United Kingdom"
"Forest City, CA"
"Edinburg, IN"
"Nicola, Canada"
"Laport, PA"
"Seydisfjordur, Iceland"
"Jacksonville, KS"
"Algernon, NE"
"East St Louis, IL"
"Leamington, United Kingdom"
"Spout Spring, KY"
"Almaty, KZ, KZ"
"Aldergrove, Canada"
"South Queens, NY"
"Epworth, United Kingdom"
"Miniota, Canada"
"County, FL"
"Oswego Fulton, NY"
"Casablanca, CB, MA"
"O' Neill, NE"
"Sandon, Canada"
"Fargo Springs, KS"
"Rockville Center, LI NY"
"Colokan, KS"
"Guy, KS"
"Tyrrell, NC"
"Avonlea, Canada"
"Sweetgrass, MT"
"Spout Springs, KY"
"Siglufjordur, Iceland"
"Dundaff, PA"
"Bridgend, United Kingdom"
"West Tampa, FL"
"Winston, NC"
"NewYork&, Baltimore"
"Saudarkrokur, Iceland"
"Naval Base Kitsap, WA"
"Little Rock, AZ"
"Bangor, SD"
"Helsinki, 18, FI"
"Cardiff, United Kingdom"
"St. Sophie, LA"
"Wilburn, KS"
"Otter Creek, OK"
"Staines, United Kingdom"
"Hosmer, Canada"
"Dalry, United Kingdom"
"Havana, NY"
"Haskew, OK"
"Bessemer, CO"
"Merthyr Tydfil, United Kingdom"
"Saint Marys, MO"
"Northfield, KS"
"Hillerton, CO"
"Kennicott, AK"
"Fort Benjamin Harrison, IN"
"Scott AFB, IL"
"Ogden City, UT"
"Stoughton, Canada"
"Onondaga Hollow, NY"
"De Ridder, LA"
"Owl, OK"
"Onawa City, IA"
"Robinson, UT"
"Camp Shanks, NY"
"Dublin, Dublin, Ireland"
"Eskifjordur, Iceland"
"Cornplanter, PA"
"Broad Arrow, Australia"
"Watson, Canada"
"Saint Elmo, CO"
"Gilead, OH"
"DeSmet, SD"
"West Eau Claire, WI"
"Washington (DC), DC"
"Harriston, OK"
"Rio De Janeiro, RJ, BR"
"Chernivtsi, 77, UA"
"Hanley, Canada"
"Yankee Jim's, CA"
"Mc'Grawville, NY"
"Lewis, OK"
"Siboney, OK"
"Pawnee Valley, KS"
"Ferguson, Canada"
"Lone Tree, NE"
"Knik, AK"
"Bloomington, IA"
"Marmiton, KS"
"Oil City Franklin Clarion, PA"
"Lashburn, Canada"
"Scammonville, KS"
"Wisconsin, WI"
"Enfield, KS"
"Capitol Hill, OK"
"Curtis, OK"
"Bridge of Allan, United Kingdom"
"Hilton Head, SC"
"New Murdock, KS"
"Buffalo Park, KS"
"County, WV"
", Rochester"
"County, CA"
"Cosmos, OK"
"Kensington and Chelsea, United Kingdom"
"County, IN"
"San Jacinto, TX"
"Fort Rice, ND"
"Retford, United Kingdom"
"Zagreb, 21, HR"
"Bradentown, FL"
"NewRochelle, NY"
"Russell, OK"
"Centralia, WI"
"Meansville, PA"
"Cloverton, NE"
"Jackson, MD"
"Sault Ste Marie, MI"
"Zionville, KS"
"Wano, KS"
"Osage City, OK"
"Rosemont, KS"
"Matfield, KS"
"Wanganui, New Zealand"
"Pershing, OK"
"Rush Centre, KS"
"Te Aroha, New Zealand"
"Tunis, Tunisia, TN"
"Tuxtla Gutierrez, Mexico"
"Lodge Pole, NE"
"Cascade, Canada"
"Shockeyville, KS"
"Temuka, New Zealand"
"Edgewater, IL"
"Van Anda, Canada"
"Dushanbe, TJK, TJ"
"Palm City, CA"
"Waipawa, New Zealand"
"Wien, Austria"
"Maumee City, OH"
"Hampden, KS"
"Oamaru, New Zealand"
"Haverstraw, Rockland County NY"
"St. Neots, United Kingdom"
"Tregola, KS"
"Fort Steele, Canada"
"Evansville, KS"
"Camp Opelika, AL"
"Grigsby, KS"
"Pahiatua, New Zealand"
"Sanatoga, PA"
"Bonanza City, ID"
"Lemars, IA"
"Itasca, KS"
"Ogdensburgh, NY"
"Bancroft, KS"
"Throggs Neck, NY"
"North Pepin, WI"
"Rivers, AZ"
"Buffalo, ID"
"Akaroa, New Zealand"
"Claywood, WI"
"County, NH"
"Fort Adams, AK"
"Cestos, OK"
"Halifax, MD"
"Hillsborough, OH"
"Brent, United Kingdom"
"County, MS"
"Keystone, OK"
"St. Simons Island, GA"
"St Joseph, MI"
"Greeley Center, KS"
"FortPlain, NY"
"Husavik, Iceland"
"Cut Knife, Canada"
"Roslyn, LI NY"
"Sault St. Marie, Canada"
"Elyton, AL"
"Montague, MT"
"Effington, SD"
"Nassau, NPI, BS"
"Isafjordur, Iceland"
"Blairmore, Canada"
"Park, WY"
"Watkins, NY"
"Capistrano Valley, CA"
"Brno, 64, CZ"
"Inangahua, New Zealand"
"Horncastle, United Kingdom"
"Saint Johns, OR"
"Jonesboro, NC"
"Apperson, OK"
"Diamond City, MT"
"Alexandria, DC"
"Jakarta, JK, IDN"
"Cape Prince of Wales, AK"
"Weston-Easton, CT"
"Lanark, Canada"
"Otago, New Zealand"
"Almas, CO"
"Johnson, IA"
"Fairhaven, WA"
"Belfast, Antrim, Northern Ireland"
"Omega, NE"
"Friendville, NE"
"DeKalb, MS"
"Ravelstoke, Canada"
"Alderley Edge, United Kingdom"
"County of Buckingham, United Kingdom"
"Riponshire, Australia"
"Lovan, AL"
"Saint Matthews, KY"
"Carwile, OK"
"Fairlawn, NJ"
"Saint Thomas, VI"
"Cleo, OK"
"Clinton, Canada"
"Milestone, Canada"
"Jurgensen, OK"
"South Pueblo, CO"
"Mertilla, KS"
"Lake Lanier, GA"
"Brussels, BXL, BE"
"Armington, MT"
"National Park, Canada"
"St Louis, MO"
"Bildudalur, Iceland"
"Avondale, AL"
"Trargalon, Australia"
"Martinsburg, VA"
"Port Simpson, Canada"
"Brookville, IA"
"Bismarck, KS"
"Fordham, KS"
"Burry Port, United Kingdom"
"Ybor City, FL"
"Kempton, OK"
"Elk Grove, IL"
"East Las Vegas, NM"
"Slocan, Canada"
"Salem, KS"
"Fort McMurray, Canada"
"Kiel, OK"
"Le Loup, KS"
"County, AZ"
"Frunze, KYR, KG"
"Warwick, KS"
"Wyandotte, KS"
"Freeport, LI NY"
"Marysville Yuba, CA"
"Dingman, PA"
"Sparta, AL"
"Highland Park, CA"
"Pine Forest, NC"
"Castle Douglas, United Kingdom"
"Fouts, OK"
"Den Bosch, Netherlands"
"West Randolph, VT"
"Cambridge, IN"
"Pulaski, Oswego County"
"Grasshopper Falls, KS"
"Wheeler, MT"
"West Plains, KS"
"Cahawba, AL"
"Lardo, ID"
"Fenelon Falls, Canada"
"Moyie, Canada"
"Altedena, CA"
"Springfield, KS"
"Harrington, NC"
"Nashville, OK"
"Dannevirke, New Zealand"
"Tanforan, CA"
"Navajoe, TX"
"Rodney, New Zealand"
"Gladstone, Canada"
"Buckner, KS"
"Vance AFB, OK"
"Camp Cooke, CA"
"Mt. Carmel, IL"
"Leaksville, NC"
"Whitesville, Allegany County NY"
"Saint Peter Port, United Kingdom"
"Mt. Zion, GA"
"Omio, KS"
"Hays City, KS"
"Kingston, KING, JM"
"Lamborn, KS"
"La Crosse, AR"
"Roblin, Canada"
"Trout Lake, Canada"
"New Chicago, KS"
"Mille Lacs, MN"
"Rushville, NY ;"
"QuAppelle, Canada"
"Mt. Kisco, NY"
"Butte Anaconda, MT"
"Dansville Village, NY"
"Ninnescah, KS"
"Manitou, Canada"
"Pas, Canada"
"Indiana Harbour, IN"
"Navan, Meath, Ireland"
"Cain City, KS"
"Nokomis, Canada"
"White Pine, CO"
"Decatur Center, KS"
"Coleshill, United Kingdom"
"Dalles, OR"
"Greenfield, NV"
"Mauch Chunk, PA"
"Pokeepsie ie Poughkeepsie, NY"
"Aintree, United Kingdom"
"Wellsborough, PA"
"Dodge, KS"
"Elrose, Canada"
"Bayou Sara, LA"
"Bowen, NE"
"Rouleau, Canada"
"Pratt City, AL"
"Hoylake, United Kingdom"
"Marple, PA"
"Fresno, MT"
"Greater Las Vegas, NM"
"Ivanhoe, OK"
"Dermot, KS"
"New Garden, IN"
"Canwood, Canada"
"New Smyrna, FL"
"Greece, NY ;"
"Spring Lake, KS"
"Qeqertarsuaq, Greenland"
"Roxborough, PA"
"Leadboro, MT"
"Arrowtown, New Zealand"
"New Echota, GA"
"County, DE"
"Quaker Valley, KS"
"Hodgeman Center, KS"
"Avilla, KS"
"Topaz, UT"
"Woodville, OK"
"Johannesburg, GAUT, ZA"
"Bryan-College Station, TX"
"West Bowersville, GA"
"Alameda, Canada"
"Patea, New Zealand"
"Marysville Yuba City, CA"
"Wilmer, Canada"
"Depere, WI"
"County, VA"
"Earl Grey, Canada"
"Great Barr, United Kingdom"
"Miner, SD"
"Cleburne, KS"
"Devils, ND"
"Big Fork, MT"
"Baldur, Canada"
"De Land, FL"
"Tarrytown-Sleepy Hollow, NY"
"Campbell, OK"
"DeSoto, NE"
"Yale, Canada"
"Denson, AR"
"Panama City, Panama, Panama"
"Battleboro, VT"
"Fort Chaffee, AR"
"Liege, WAL, BE"
"Phoenix, Canada"
"Bringier, LA"
"Belgrade, 0, RS"
"Schoharie, KS"
"Waimate, New Zealand"
"Marshfield, OR"
"Home City, KS"
"Bixby, NC"
"Massett, Canada"
"McComb, OK"
"Quindaro, KS"
"Cairo, C, EG"
"St. Ives, Cambridgeshire, England"
"Lake Landing, NC"
"Happy Valley, MO"
"Cupar, Canada"
"Lake View, IL"
"Dragerton, UT"
"Ladora, NE"
"MacGregor, Canada"
"Simpson, Canada"
"HoneoyeFalls, NY"
"Carthage, OK"
"County, MA"
"Essex, KS"
"Cross, OK"
"Guilford, KS"
"Dinbych, United Kingdom"
"Kenosha City, WI"
"Burford, OK"
"Christiansted, Virgin Islands"
"Ceredo, VA"
"Chantilly, KS"
"County, OR"
"Louisville, IN"
"Ottawa, IA"
"Sumner, KS"
"Bay View, WI"
"Youngstown, Canada"
"NewYork, NY"
"Bala City, KS"
"Point Lookout, MD"
"Bland, NM"
"Sedgewick, Canada"
"County, PA"
"Leeston, New Zealand"
"Dresser Junction, WI"
"Ecter, OK"
"Berea, NC"
"Marvin, KS"
"Clearing, IL"
"Beamsville, Canada"
"Hagers-Town, MD"
"Knowersville, NY"
"Middlesex, United Kingdom"
"Dawson, OK"
"St Martinsville, LA"
"Preston, SD"
"Germantown, NE"
"Potsdam Junction, NY"
"Haltemprice, United Kingdom"
"Silver Springs, NY ;"
"Millbrook, Canada"
"Richmond upon Thames, United Kingdom"
"Ashgabat, TZM, TM"
"Mt. Airy, NC"
"Wakaw, Canada"
"Anaconda, Canada"
"Pitzer Mines, KS"
"Easthampton, NY"
"Wa Keeney, KS"
"Wellsville-Hornell, NY"
"Platte, MO"
"Montclair Village, CA"
"Archer, MT"
"Malcolm, Australia"
"Douglas, United Kingdom"
"Ivanhoe, KS"
"Butte City, MT"
"Nescutunga, KS"
"Taloga, KS"
"Carmarthen, United Kingdom"
"Loco, KS"
"Sidney, KS"
"Pitman's Ferry, AR"
"Barkerville, Canada"
"Sharp Park, CA"
"Granite, CA"
"Pearl Harbor Navy Base/Hickam AFB, HI"
"Featherston, OK"
"Fort Wallace, KS"
"La Porte, NE"
"La Kemp, OK"
"Grant's Pass, OR"
"Parker, IN"
"Jefferson City, LA"
"May's Landing, NJ"
"Fremont, KS"
"Marshall, IA"
"Egham, United Kingdom"
"Lewiston Auburn, ME"
"Fentress, TN"
"Alderson, Canada"
"Lansingburgh ie Troy, NY"
"County, ME"
"Cerillos, NM"
"Stoke On Trent, United Kingdom"
"City Island, NY"
"Chitham, IL"
"Hillingdon, United Kingdom"
"Hatfield, KS"
"County, CO"
"Christiansted, U.S. Virgin Islands"
"County, LA"
"Crediton, United Kingdom"
"Saddleback Valley, CA"
"Little Missouri, ND"
"South Riverside, CA"
"Point Pleasant Lake, NJ"
"Supply, OK"
"Hull, United Kingdom"
"Conwayboro, SC"
"Downs, OK"
"Petroleum Centre, PA"
"Mt. Dora, FL"
"County, NY"
"Redondo, CA"
"San Luis, TX"
"Marin, CA"
", Dansville"
"County, VT"
"Hector, KS"
"Dunkirk Fredonia, NY"
"Sandusky, VT"
"Village of Buffalo, NY"
"Eastern Division, United Kingdom"
"St Regis Falls, NY"
"Landis, Canada"
"Maldonado, NM"
"Petersburg, Australia"
"California, KS"
"Republic City, KS"
"Mayday, KS"
"Saint Arnaud, Australia"
"Glenboro, Canada"
"Northwest Chicago, IL"
"Lower Sandusky, OH"
"Berks, PA"
"Eustis, KS"
"Capron, OK"
"Ukiah City, CA"
"Copenhagen, DK, DK"
"McGee, OK"
"Minnesota Falls, MN"
"Liberty, Canada"
"Balrandald, Australia"
"Murray City, UT"
"Westerham, United Kingdom"
"Walnut City, KS"
"Cremorne Junction, Australia"
"Hawkesbury, Australia"
"Fort Hawkins, GA"
"Ashburn Farm, VA"
"Pike, PA"
"Bandung, JB, IDN"
"Rio Grande, TX"
"Little Valley, NY ;"
"Logansport, KS"
"Dalbeattie, United Kingdom"
"Cash City, KS"
"Quartz Creek, Canada"
"Brooklyn, Canada"
"Zion City, IL"
"Coldwater, OK"
"Lordsburg, CA"
"St Francisville, LA"
"Harris, Canada"
"Opunake, New Zealand"
"Karlovac, 4, HR"
"StatenIsland, NY"
"Harper's Ferry, VA"
"Borough Of Sandwich, United Kingdom"
"Saratoga, KS"
"Cincinnati, KS"
"Clifton, SD"
"David, OK"
"Excelsior-Minnetonka-Eden Prairie, MN"
"Central Butte, Canada"
"Deland-Lake Helen, FL"
"Butte-Anaconda, MT"
"Agassiz, Canada"
"Salt Pond, Canada"
"Fairmount, MO"
"Golden, KS"
"Cantonment, OK"
"Toshkent, UZ, UZ"
"Whidbey Island Naval Base, WA"
"County, NE"
"County, NJ"
"Goodland, OK"
"Hafnarfjordur, Iceland"
"Lang, Canada"
"Cumberland, Australia"
