"Georgetown, Canada",43.6502046,-79.9036236
"Indian Grove, MO",39.51055556,-93.035
"El Dorado, MO",37.87697989999999,-94.0213303
"West Oak Lane, PA",40.0584758,-75.1491078
"Shanghai, Shanghai, CN",31.230416,121.473701
"French, NM",36.4741996,-104.5583228
"Ryansville, KS",ERROR,ERROR
"Lindsay, Canada",44.3565742,-78.7407542
"Paramaribo, PM, SR",5.8520355,-55.2038278
"Palmetto Bay, FL",25.627186111,-80.320702777
"Tukwila, WA",47.478333333,-122.275555555
"County, NC",ERROR,ERROR
"Coalmont, Canada",49.507882,-120.693448
"Fairport, CA",41.985277777,-120.321944444
"Castor, Canada",52.2191785,-111.9055709
"Ingram, WI",45.5058,-90.8164
"Wrexham, United Kingdom",53.04304,-2.992494
"St. Paul, NE",41.213611111,-98.46
"Center Grove, IN",39.5773,-86.1971
"Malad, ID",42.19083,-112.24917
"Yazoo, MS",32.8551326,-90.4056468
"County, OK",40.58145469999999,-79.5739334
"Miami Shores, FL",25.865238888,-80.188333333
"Houlton, OR",46.1261806,-67.8402316
"Aylesworth, OK",34.02805556,-96.62666667
"New Denver, Canada",49.99129,-117.372071
"Nevada, CA",39.2615606,-121.0160594
"Gayoso, MO",36.25611111,-89.705
"West Virginia City, SD",ERROR,ERROR
"Hiawatha, NE",35.1012347,-106.5098378
"Brush Creek, IA",ERROR,ERROR
"Wayne, KS",39.7147,-97.5419
"Quebec, Canada",52.0,-72.0
"Sheridan, NE",38.8981,-119.823
"Cinnaminson, NJ",40.0002,-74.9916
"Saint Johns, Canada",47.5556097,-52.7452511
"Gettysburg, KS",39.4053013,-100.0135929
"Berry's Station, KY",ERROR,ERROR
"Walnut Park, CA",33.968888888,-118.223888888
"Keesler Army Airfield, MS",30.409731,-88.9262262
"County, IL",ERROR,ERROR
"Lakewood, CO",39.706389,-105.102778
"Howland, OH",41.2576207,-80.7325287
"Leonard Town, MD",38.295277777,-76.638055555
"Jerome, KS",38.74722222,-100.52722222
"Looney, OK",ERROR,ERROR
"Silver Reef, UT",37.25277778,-113.36777778
"Shoal Lake, Canada",50.4380866,-100.5907301
"White Oaks, NM",33.7475,-105.736389
"San Acacio, NM",34.2553446,-106.8994726
"Potttstown, PA",40.2453741,-75.6496302
"Du Buque, WI",42.506348,-90.6677347
"Feldkirch, Austria",47.24128,9.601899999999999
"Reefton, New Zealand",-42.1195039,171.8622754
"St Helens, OR",45.8589637,-122.8212297
"Crieff, United Kingdom",56.37654999999999,-3.841993999999999
"LaGrange, KY",38.4075666,-85.37884679999999
"Wilsonton, KS",ERROR,ERROR
"Lackawanna, NY",42.819444444,-78.825555555
"Garrison, KS",38.7681428,-101.5475409
"Admiral, MD",ERROR,ERROR
"Swan Lake, SD",43.2214805,-97.09960339999999
"Union, CA",38.3214,-122.31
"Hadley, Canada",56.130366,-106.346771
"Coakerville, Canada",43.467517,-79.6876659
"Cortlandt, NY",41.261388888,-73.9025
"Munson, Canada",51.5614608,-112.7402322
"Motueka, New Zealand",-41.1081429,173.0112377
"Heart Mountain, WY",44.6666177,-109.1257012
"Girard, AL",32.4567,-85.0044
"Conway, IA",40.748611111,-94.619444444
"Orwell, KS",38.0155739,-99.7156802
"Williamsbueg, OH",39.0542311,-84.05298859999999
"Demersville, MT",48.1664262,-114.2940988
"Weir City, KS",37.3100548,-94.7719043
"Fort MacLeod, Canada",49.7223893,-113.4030896
"Amache, CO",35.5313224,-109.3783206
"Whitewood, Canada",50.329875,-102.2666277
"Limerick, PA",40.2383606,-75.5393155
"Ewington, IL",39.1017091,-88.5972735
"University Place, NE",47.2356536,-122.5504041
"Voree, WI",42.6824,-88.3059
"Napier Field, AL",31.315265,-85.45434
"Hyde Park, IL",41.7947665,-87.59167529999999
"Lee's Summit, MO",38.9225,-94.374166666
"White Bluffs, WA",46.6665,-119.485
"Prestonburg, KY",37.6656527,-82.7715486
"Good Hope, LA",29.991388888,-90.400555555
"Consort, Canada",52.00886819999999,-110.7753131
"Jefferson, OK",36.719166666,-97.790555555
"Laredo, MT",48.719444444,-110.475
"Ngaruawahia, New Zealand",-37.6674316,175.1467392
"CLINTON County, OH",39.41498,-83.80838
"Mcleansboro, IL",38.0901838,-88.5386768
"Kearny, KS",38.0281402,-101.2523792
"Port Wallaroo, Australia",-33.9288153,137.6219555
"McGregor, IA",43.021944444,-91.179722222
"Njardvik, Iceland",63.9747338,-22.5201543
"Borough Of Canterbury, United Kingdom",51.280233,1.0789089
"Austin, IL",41.9,-87.76
"Mt. Gilead, OH",40.5492265,-82.8274014
"Brainerd, KS",37.9511,-97.0953
"Cane Hill, AR",35.9010247,-94.3770704
"Animas Forks, CO",37.9308,-107.567
"Saratoga Park, KS",39.112507,-100.3587474
"Tulln, Austria",48.3314949,16.060737
"Niskayuna, NY",42.7798,-73.84568
"Greene, MS",31.22,-88.64
"Powlett, Australia",-38.57399268388462,145.5365127350503
"Boone, IN",40.05,-86.47
"Red Fork, OK",36.105555555,-96.024444444
"Terry, KS",38.1751161,-101.0259275
"Ashford, NE",41.641,-103.675
"McCook, NE",40.205277777,-100.626111111
"Midwest City, OK",35.4495,-97.396694444
"Gould, KS",ERROR,ERROR
"Oak Hill, WV",37.982777777,-81.145277777
"Mt. Laurel, NJ",39.934002,-74.89099879999999
"West Reading, PA",40.3342,-75.9467
"Denbigh, United Kingdom",53.183906,-3.425002
"L' Anse, MI",46.7565991,-88.45290849999999
"DeLamar, ID",43.0243249,-116.8315175
"Hastings-on-Hudson, NY",40.991111111,-73.874166666
"Birtle, Canada",50.4221254,-101.0449519
"Fort Wrangel, AK",56.4706104,-132.3815263
"Grindavik, Iceland",63.8433896,-22.4359996
"Santee, NE",42.8386,-97.8531
"DeKalb, MO",39.5869398,-94.92524259999999
"Dover-Foxcroft, ME",45.186111111,-69.220277777
"Highland Park, TX",32.830277777,-96.801111111
"SUSSEX County, NJ",41.14,-74.69
"Village of Pulaski, Oswego Co",43.5670136,-76.1277027
"Cork, Cork, Ireland",51.8985143,-8.4756035
"Havelock, NE",46.0,-65.317
"Argentine, KS",39.075,-94.6725
"North Hills, PA",40.1126,-75.1695
"Fornfelt, MO",37.2133679,-89.5285629
"L''Anse, MI",46.7565991,-88.45290849999999
"Red Butte, WY",42.806388888,-106.432777777
"Tioga, KS",37.705936,-95.4149003
"Garfield, UT",37.87,-111.44
"Te Miro, New Zealand",-37.8076307,175.5455182
"Roscoe, KS",39.48083333,-99.76944444
"Dillon, KS",38.6936,-97.1469
"Bull City, KS",ERROR,ERROR
"Sunshine, CO",40.0658,-105.367
"Murray, UT",40.6525,-111.893333333
"DeLand, FL",29.028947222,-81.300447222
"Cape Ann, MA",42.648611,-70.5930556
"Port Phillip, Australia",-37.8464983,144.9666905
"Cotton Gin, TX",31.6810014,-96.3605322
"Dentonia, KS",39.68388889,-98.4675
"Lawson, Canada",60.62053239999999,-64.6560707
"Strathcona, Canada",53.53267760000001,-113.1553199
"Carlton, OK",35.204646,-95.5445974
"Burien, WA",47.468333333,-122.345555555
"Prairie View, AR",35.3344,-93.5181
"County, CT",ERROR,ERROR
"Brigus, Canada",47.5353454,-53.2085654
"Thompsonville, CT",41.996944444,-72.598888888
"Echo PO, Port Jefferson NY",40.9464875,-73.0692732
"McQueen, OK",34.6667,-99.7017
"Yorksville, IL",41.6411409,-88.44729480000001
"Primos, PA",39.9227621,-75.298943
"Beaver Falls, MN",44.58305556,-95.04722222
"Loyal, KS",ERROR,ERROR
"Clatsop, OR",46.0210796,-123.7653042
"Sherman Center, KS",39.793072,-98.770147
"Bustleton, PA",40.0991,-75.0436
"Cambridge, TX",33.8112144,-96.7280537
"Richmond, OK",36.1908732,-99.0523209
"Bonnet Carre, LA",30.0027035,-90.4414718
"Homerville, NE",ERROR,ERROR
"St. Benedict, OR",45.0571,-122.774
"Mount Olive, NJ",40.8658,-74.743
"Dakota, OH",ERROR,ERROR
"San Marcial, NM",33.7001,-106.987
"Alexandra, New Zealand",-45.249166666,169.379722222
"Byrnes Mill, MO",38.4353,-90.5739
"Clyde, New Zealand",-45.191,169.327
"Carlow, Carlow, Ireland",52.835854,-6.932474399999999
"Gravesville, WI",44.0363804,-88.14621129999999
"County, RI",ERROR,ERROR
"St. Helens, OR",45.859444444,-122.816944444
"DeKalb, IL",41.931388888,-88.750277777
"Lindsey, KS",39.0937,-97.6781
"Lakemp, OK",ERROR,ERROR
"Lasker, NC",36.35,-77.305555555
"Palmetto City, KS",ERROR,ERROR
"Flat River, MO",37.842886,-90.4980262
"Bacone, OK",35.7670434,-95.3402447
"Ashbourne, United Kingdom",53.016626,-1.732179
"Arizola, AZ",32.85111111,-111.71416667
"Apple Valley, MN",44.731944444,-93.2175
"Sterling Rock Falls, IL",41.7797533,-89.68899669999999
"Cresent City, CA",41.7557501,-124.2025913
"Tysons, VA",38.9186,-77.2297
"De Kalb, IL",41.931388888,-88.750277777
"Union, NY",42.867777777,-75.887222222
"Glen's Falls, NY",43.3095164,-73.6440058
"Oakland, KS",39.0650306,-95.6405374
"St. Robert, MO",37.8244,-92.1336
"Blaine, KS",39.4967,-96.4031
"Tyrone City, PA",40.6706184,-78.23862439999999
"Cloverdale, Canada",49.1115339,-122.7349425
"Weston, Canada",43.7001669,-79.51621899999999
"St. James, MO",37.9989,-91.6164
"Arkalon, KS",37.14305556,-100.8075
"Mexico, NM",ERROR,ERROR
"Bellevue, LA",32.67333333,-93.52222222
"Oceanus, NY",43.2994285,-74.21793260000001
"100 Mile House, Canada",51.64397049999999,-121.2950097
"Lucy, LA",30.046666666,-90.5075
"New Decatur, AL",34.6059253,-86.9833417
"Los Cerrillos, NM",35.4372,-106.127
"Armourdale City, KS",39.087452,-94.63534039999999
"Marion Centre, KS",38.3483493,-97.017245
"Bodarc, NE",42.7995749,-103.7883846
"Cherry Point MCAS, NC",34.883318,-76.9062
"Yeager, OK",35.157222222,-96.340277777
"Van Ettenville, NY",41.7170379,-74.3957099
"Greensboro, MS",33.5218275,-89.3821948
"Rivers, Canada",50.0328638,-100.2396726
"Mcgregor, IA",43.021944444,-91.179722222
"Maryfield, Canada",49.8348331,-101.5256699
"Wyoming, NE",40.7356,-95.9194
"Paeroa, New Zealand",-37.375534,175.6678873
"Bella Coola, Canada",52.3721277,-126.7539346
"Quinlan, OK",36.4544,-99.0453
"Beaverton, New Zealand",-40.900557,174.885971
"Boone, NE",41.6264,-97.9175
"Irma, Canada",52.9137,-111.230107
"Whitehall, LA",30.288611111,-90.700277777
"Clarksville, OK",35.8256,-95.5142
"Rocky Bar, ID",43.6892,-115.29
"Fontanelle, NE",41.406388888,-95.996388888
"County, KY",ERROR,ERROR
"Mccallsburg, IA",42.16611,-93.39028
"Westport, MO",39.0569468,-94.5954715
"LaGrange, GA",33.03929,-85.03133
"Mitchellville, KS",ERROR,ERROR
"Benton, OK",ERROR,ERROR
"Clutha, New Zealand",-46.1054247,169.449537
"Miller, OH",38.536388888,-82.301944444
"Sequachee, TN",35.3469428,-85.39627689999999
"Midway, Canada",49.0102185,-118.7743535
"Opa-Locka, FL",25.901666666,-80.250833333
"Baku, AZE, AZ",40.40926169999999,49.8670924
"Mt Vernon, IL",38.3172714,-88.9031201
"Hartland, KS",37.8872396,-101.3721149
"St. Petersburg, FL",27.773055555,-82.64
"Grandview, Canada",51.1736812,-100.6956524
"East Orange, IA",40.767323,-74.2048677
"Glenora, Canada",53.5429983,-113.5605816
"Voorhees, KS",37.0611,-101.42
"Fernandina, FL",30.6696818,-81.46259189999999
"Cascade, SD",47.6546099,-120.7725081
"Millstone, NJ",40.499166666,-74.588611111
"Grand Rapids, WI",44.367222222,-89.773333333
"Middletown-Point, NJ",ERROR,ERROR
"Camp Douglas, UT",40.7640863,-111.8335371
"LaPorte, PA",41.423333333,-76.490833333
"White Rock, KS",39.8861,-97.9322
"M'Grawville, NY",ERROR,ERROR
"Newcastle upon Tyne, United Kingdom",54.978252,-1.61778
"St. Louis, MO",38.626388888,-90.199444444
"Cary Grove, IL",42.2211763,-88.2417583
"Lima, IN",-12.0463731,-77.042754
"Algiers, LA",29.938055555,-90.033055555
"Monte Ne, AR",36.2872975,-94.0690905
"Queens, NY",40.704166666,-73.917777777
"College View, NE",40.7722,-96.6522
"Surprise, KS",ERROR,ERROR
"McFarland, WI",43.01833,-89.29111
"Eastend, Canada",49.514043,-108.8199661
"Armada, NE",40.91807530000001,-99.389511
"Overland, MO",38.699166666,-90.367777777
"County, AK",ERROR,ERROR
"Kaslo, Canada",49.91424989999999,-116.9154503
"North La Crosse, WI",43.8463544,-91.2481938
"Merwin, MO",38.40472,-94.59
"Chant, OK",ERROR,ERROR
"Indianola, TX",28.511944444,-96.4875
"Baldwin, KS",38.7775,-95.1875
"Daytona, FL",29.2108147,-81.0228331
"Belfast, UU, NIR",54.59728500000001,-5.93012
"Elk, KS",38.4167,-96.8167
"West Haven, KS",ERROR,ERROR
"Mcconnellsburg, PA",39.9325,-77.99583
"Buenos Aires, BA, AR",-34.6036844,-58.3815591
"Hot Springs, AK",34.5077615,-93.05460029999999
"Marysville, Canada",44.193028,-76.438233
"Chloride, NM",33.33861111,-107.67777778
"County, MO",ERROR,ERROR
"Beaver Dam, NC",35.497332,-82.6867944
"Wilson Creek, Canada",56.130366,-106.346771
"McAlester, OK",34.933055555,-95.766388888
"L Anse, MI",46.756666666,-88.453333333
"Yarmouthport, MA",41.7047,-70.2208
"Booyoolee, Australia",-33.2257366,138.299098
"Millbrook, KS",39.35,-99.8697
"Edgewater ie Staten Island, NY",40.6180862,-74.0673351
"Cucamonga, CA",34.10639889999999,-117.5931084
"Crofton, Canada",48.86384400000001,-123.6457977
"Viscount, Canada",51.9469868,-105.6474767
"Cundiff, KS",ERROR,ERROR
"Oleta, OK",34.1994,-95.3439
"Belfast, Australia",-25.274398,133.775136
"Augustine, KS",38.7447864,-101.3658004
"County, WY",41.0617037,-89.77315779999999
"Oronoque, KS",39.7889,-100.025
"Eagle City, AK",64.7871056,-141.2026613
"Walton-on-Thames, United Kingdom",51.38847,-0.416969
"Loverna, Canada",51.6595227,-109.9918766
"St. Genevieve, MO",37.9786618,-90.0475582
"Ardmore-Wayne, PA",40.0067785,-75.2854622
"Camas, MT",47.61805556,-114.65611111
"Lafayette, GA",34.7048022,-85.2818998
"Greene, NC",35.5013936,-77.69941969999999
"St. Ives, Cornwall, England",50.20838579999999,-5.490886400000001
"St. Peter, MN",44.325833333,-93.955833333
"Burr Ridge, IL",41.74892,-87.91839
"East Ely, NV",39.2533328,-114.874248
"Queenstown, New Zealand",-45.031111111,168.6625
"Queen Charlotte, Canada",53.2549952,-132.0868676
"Bloom, KS",37.486388888,-99.896111111
"Akranes, Iceland",64.3219244,-22.0702847
"Mount Zion, IL",39.778055555,-88.878611111
"Goodrich, KS",38.28475,-94.99191
"Colonie, NY",42.71786,-73.83346
"Galloway, NJ",39.492777777,-74.559444444
"McFall, MO",40.11056,-94.22139
"Pores Knob, NC",36.0465206,-81.15619439999999
"Cedarville, KS",37.1042039,-96.50001119999999
"County, AL",ERROR,ERROR
"County, IA",41.6624604,-92.0665197
"Okanagan Falls, Canada",49.344885,-119.571493
"Sheppard Field, TX",33.9685715,-98.510735
"Comanche City, KS",38.3136416,-98.63805980000001
"Scipio, NY",42.803333333,-76.571388888
"Westlake Hills, TX",30.2979843,-97.8019515
"Cresson, KS",39.27777778,-99.58527778
"County, TX",ERROR,ERROR
"Chatham Four Corners, NY",42.3642516,-73.5948391
"Spokane, MT",47.921382,-117.096416
"Camp Gruber, OK",35.66995290000001,-95.205063
"Vonda, Canada",52.3182621,-106.1004682
"Lac Du Bonnet, Canada",50.2509344,-96.061855
"Bannock City, ID",45.1610337,-112.9955907
"Plattsburg, MS",32.9415189,-89.19256589999999
"Hazelton, Canada",55.2568166,-127.672002
"St. Pauls, NC",34.807222222,-78.972777777
"Upper Township, NJ",39.2581,-74.7269
"Wichita, TX",33.9309651,-98.7481167
"Bashaw, Canada",52.5856535,-112.9662309
"Cañon City, CO",38.4467,-105.228
"Caernarvon, United Kingdom",53.139551,-4.273911
"Blakeley, AL",30.742222,-87.924167
"Wabash, NE",40.8864,-96.2544
"Gates, NY",43.149722222,-77.696944444
"Poplar Creek, Canada",50.4166669,-117.133333
"South Miami, FL",25.710277777,-80.295169444
"Appleton, KS",37.3469857,-99.9465077
"Mt. Vernon, IN",37.9322662,-87.8950267
"Atlin, Canada",59.578028,-133.689524
"Mt Pleasant, IA",40.9716959,-91.54877139999999
"Mexico, IL",41.7936442,-87.691719
"Cornwall, United Kingdom",50.26604709999999,-5.0527125
"Scranton, MS",42.5030212,-83.78479
"Jefferson Park, IL",41.98,-87.77
"Ashburton, New Zealand",-43.905555555,171.745555555
"Arbutus, MD",39.2444,-76.6939
"Armourdale, KS",39.0832,-94.6352
"Holly Oak, DE",39.7883,-75.4789
"Densmore, KS",39.638333333,-99.739166666
"Mt. Sterling, OH",39.7195054,-83.26519259999999
"Dunwoody, GA",33.9428,-84.3178
"County, MI",ERROR,ERROR
"Long Island, NY",40.805805,-73.253616
"Blackburn, OK",36.371666666,-96.596388888
"Sintaluta, Canada",50.4781493,-103.4497288
"Holmesville, NE",40.2014,-96.6589
"Neuchatel, KS",39.5680522,-96.201946
"New Town, GA",34.530555555,-84.905833333
"Robinson, NM",39.954959,-75.2270365
"Uhrichsville Dennison, OH",40.3943489,-81.3230322
"McCurtain, OK",35.150277777,-94.971388888
"Woodland Park, NJ",40.8899,-74.1946
"Lewisburg, AR",35.14194444,-92.73527778
"Leger, OK",ERROR,ERROR
"Ingersoll, OK",36.796388888,-98.394722222
"Wolseley, Canada",56.130366,-106.346771
"St. Anne, IL",41.025,-87.713888888
"Marysville, IA",41.181111111,-92.952222222
"Castle, MT",ERROR,ERROR
"Penn Hills, PA",40.4661428,-79.8260578
"DeWitt, AR",34.291388888,-91.336944444
"Passaic City, NJ",40.8567662,-74.1284764
"Searsburg, VT",42.8930745,-72.9666551
"Elizabethtown, NJ",40.671,-74.211
"Monmouth, NJ",40.262862,-74.277344
"Springvale, KS",37.5119641,-98.9462114
"Monitor, Canada",56.130366,-106.346771
"Riverhurst, Canada",50.90290659999999,-106.8674732
"St. Mary's, MD",38.1060259,-76.3637285
"Lawrence, New Zealand",-45.913,169.689
"Granum, Canada",49.8716708,-113.507554
"McLoud, OK",35.412222222,-97.098333333
"Ladner, Canada",49.0900961,-123.0819988
"Sterrett, OK",33.448718,-86.47998199999999
"Cowles, NE",40.171944444,-98.448055555
"Bellefonte, AR",36.2,-93.046944444
"Campton Hills, IL",41.933888888,-88.401111111
"Rochford, SD",44.124428,-103.7196408
"Davisville, CA",43.70430899999999,-79.388516
"Goodnight, OK",35.95138889,-97.14055556
"Bliss, OK",36.5475,-97.14417
"Banner City, KS",38.89741000000001,-100.1137079
"McComb, MS",31.243777777,-90.453166666
"Bliss and Silver Springs, NY",42.6606177,-78.0855638
"Thomas, IL",41.5117,-89.8194
"Swansea, United Kingdom",51.62144,-3.943645999999999
"Summitville, CO",37.4361176,-106.5978167
"De Lamar, ID",43.024444,-116.831389
"Central City, SD",44.367222222,-103.769722222
"Barclay, KS",38.5772,-95.8803
"Darrow, OK",36.0980932,-98.3884083
"LaFayette, AL",32.898572,-85.400784
"St. Clairsville, OH",40.0794,-80.9014
"Navarino, WI",44.611111111,-88.491944444
"St. Charles, MO",38.788611111,-90.511666666
"Dover New Philadelphia, OH",40.5206198,-81.4740054
"Crow River, MN",45.2439,-94.7244
"Centenary, IA",ERROR,ERROR
"Ainsworth, Canada",49.733978,-116.91023
"Prairieville, WI",ERROR,ERROR
"Centennial, CO",39.596388888,-104.843888888
"Claiborne, AL",31.5402,-87.5155
"St. Tammany County, LA",30.4357418,-89.9253233
"Ashland, OK",34.768055555,-96.069722222
"Suntree, FL",28.2294,-80.9014
"Port Essington, Canada",54.15,-129.966667
"Mesilla, AZ",33.4151843,-111.8314724
"Qu'Appelle, Canada",50.54261349999999,-103.8776698
"Augusta, OK",33.4734978,-82.0105148
"Jonesboro, TN",36.2942722,-82.4734787
"Rockford, IN",38.9872,-85.8914
"Colony, WY",44.8699865,-104.1552184
"St. Louis Park, MN",44.9486,-93.364875
"Olcott, KS",ERROR,ERROR
"Dorchester, MA",42.316666666,-71.05
"Guertie, OK",ERROR,ERROR
"Blaine, MN",45.1608,-93.23495
"Five Mile Beach, NJ",38.9890019,-74.8046111
"Vermilionville, LA",30.2240897,-92.0198427
"Blue Mountains, Australia",-33.3856304,150.4865272
"Smith Centre, KS",39.7864,-98.7828
"Arrington, KS",39.4628,-95.5364
"Mt. Vernon, MO",37.1036665,-93.81854009999999
"Millard, NE",41.2094,-96.123
"Hunt, ID",42.6783,-114.25
"Reading, OH",39.2228,-84.4392
"Altona, Germany",53.57915999999999,9.8745558
"Waterford-Hickman, CA",37.6235428,-120.7538163
"Little Rock, IL",41.7175,-88.5764
"Salmon City, ID",45.1757547,-113.8959008
"Medan, SB, IDN",3.5951956,98.6722227
"Crisfield, KS",37.1722453,-98.3114602
"Aventura, FL",25.964444444,-80.135833333
"Marina del Rey, CA",33.979444444,-118.452777777
"Farimont, WV",39.4850848,-80.1425781
"Atolia, CA",35.3147,-117.609
"Elmore, OK",34.6228594,-97.39641379999999
"Jaqua, KS",39.65472222,-102.03111111
"Frisco, UT",38.4597,-113.259
"Frank, Canada",49.600412,-114.405083
"Fairview, Canada",56.06959070000001,-118.3922766
"Balclutha, New Zealand",-46.241666666,169.733333333
"Milton, New Zealand",-46.1167,169.967
"O'Fallon, IL",38.5975365,-89.9153623
"Spruce, NY",43.2994285,-74.21793260000001
"Spring Lake, UT",40.000277777,-111.748611111
"Farmer City, KS",38.285555555,-101.193055555
"County, SC",ERROR,ERROR
"Port Albert, New Zealand",-36.2747,174.4301
"Mt Kisco, NY",41.2042616,-73.72707609999999
"Uniontown, MD",39.5933,-77.1161
"Chestnut Hill, PA",40.7225,-75.206111111
"Coleman, Canada",56.130366,-106.346771
"Darlington, OK",54.52361,-1.559458
"Radville, Canada",49.46082029999999,-104.29709
"St. Stephens, AL",31.540277777,-88.055277777
"County, MN",ERROR,ERROR
"Germantown, PA",39.92055556,-77.54555556
"Pointe a la Hache, LA",29.576388888,-89.791666666
"Brockway Centre, MI",43.074471,-82.76548369999999
"Taranaki, New Zealand",-39.3538149,174.4382721
"New Oregon, IA",43.2904682,-92.1253854
"St. Johnsbury, VT",44.4552387,-72.0115463
"Nuyaka, OK",35.6542,-96.1399
"Vanoss, OK",34.76388889,-96.87194444
"Western, IA",41.8652848,-91.6432315
"Petersburg, GA",33.9633,-82.5703
"Kickapoo City, KS",39.3988869,-94.9710755
"North Canaan, CT",42.0225,-73.290833333
"County, WA",47.7510741,-120.7401386
"Sulpher Springs, TX",33.1384479,-95.6010668
"Doniphan, KS",39.641666666,-95.080833333
"Bethany, NE",40.8325,-96.6333
"Big Elk, MT",ERROR,ERROR
"Saint George, Australia",-28.0368451,148.5801042
"Parker, OK",34.7378712,-96.1802788
"Beavercreek, OH",39.7294,-84.0622
"Peachtree Corners, GA",33.975583333,-84.217777777
"Ontonta, NY",42.4528571,-75.0637746
"McCarthy, AK",61.4328,-142.911
"Brighton, UT",40.60384,-111.5821429
"Perinton, NY",43.083333333,-77.433333333
"Greytown, New Zealand",-41.083333333,175.45
"Flekkefjord, 10, NO",58.2971823,6.6599809
"Agricola, KS",38.4194,-95.535
"Morrissey, Canada",56.130366,-106.346771
"Mission Beach, CA",32.776388888,-117.2525
"McArthur, OH",39.24694,-82.47944
"Kenneth, KS",39.3655706,-100.4621366
"DeQueen, AR",34.1206605,-94.35651299999999
"Silverton, Canada",49.95286170000001,-117.3572961
"Anglesea, NJ",39.0043,-74.7995
"Plattsburgh, MO",39.5655549,-94.4480059
"West University Place, TX",29.7158,-95.4331
"Arkansas Post, AR",34.023713888,-91.343730555
"Corwin, KS",37.0842,-98.3044
"Fuquay-Varina, NC",35.591944444,-78.788611111
"Bowmanville, Canada",43.9126042,-78.688019
"Carrollton, AR",36.2625,-93.321944444
"Halls Summit, KS",38.3472,-95.6753
"McGehee, AR",33.625555555,-91.394444444
"Macon, AL",33.73055556,-86.07722222
"Bourne, MA",41.741111111,-70.599444444
"Barksdale Field, LA",32.5018595,-93.6571416
"Mussel Fork, MO",39.5533594,-92.91759549999999
"County, ID",ERROR,ERROR
"New, York",ERROR,ERROR
"New Liskeard, Canada",47.5036644,-79.6978808
"Blakeman, KS",39.8222,-101.117
"Otero, NM",32.6341716,-105.5943388
"Weathersfield, VT",43.384444444,-72.4625
"Beachmont, MA",42.3958,-70.9869
"Hickory, OK",34.559444444,-96.856944444
"Columbia, Canada",56.130366,-106.346771
"Sugden, OK",34.081388888,-97.978611111
"Woodsdale, KS",37.2725,-101.309444444
"Navina, OK",35.7989372,-97.56032119999999
"Chicago Lawn, IL",41.77,-87.69
"Lenora, OK",36.04111111,-99.06194444
"Vestmannaeyjar, Iceland",63.3906744,-20.39191165
"Mechanicstown, MD",39.2606573,-77.8294391
"Ingalls, OK",36.101666666,-96.881388888
"Shamong, NJ",39.785,-74.7165
"Georgetown, DC",38.9097057,-77.06535650000001
"Renfrow, OK",36.925277777,-97.655555555
"Newark, NE",40.735277777,-74.185
"Dodsland, Canada",51.799528,-108.835033
"Strasbourg, Canada",51.0691897,-104.9587046
"Govan, Canada",51.3111891,-104.9926783
"Unionville, NV",40.4458,-118.122
"Eddy, NM",32.4170622,-104.4723301
"Burnett, NE",42.0633372,-97.8939317
"Lewisboro, NY",41.238055555,-73.5225
"County, MD",ERROR,ERROR
"Gate City, AL",33.54226209999999,-86.72529060000001
"McLeansboro, IL",38.0901838,-88.5386768
"Appleton, MO",38.1429153,-94.0082563
"Deseret, UT",39.2875,-112.651
"Marble, CO",39.07222,-107.18944
"Borough Of Hythe, United Kingdom",51.071739,1.081937
"Loope, CA",38.665277777,-119.696111111
"Berwyn, OK",34.2837036,-97.03806929999999
"Toisnot, NC",35.7931234,-77.8138553
"La Cañada Flintridge, CA",34.206111111,-118.199444444
"Kilbourn City, WI",43.66670999999999,-89.785848
"St. George, SC",33.186,-80.57565
"McKnight, OK",34.7661705,-99.9123235
"Aratapu, New Zealand",-36.014911,173.9025654
"Surabaya, JI, IDN",-7.2574719,112.7520883
"Setauket, NY",40.93,-73.101944444
"LaFollette, TN",36.375,-84.1275
"Norden, NE",42.8686,-100.074
"Frisco, OK",34.6478674,-96.57889519999999
"Voltaire, KS",39.5073361,-101.7523854
"North Attleborough, MA",41.983333333,-71.333333333
"Charleston, New Zealand",-41.906,171.436
"Kirkwood, MO",38.580555555,-90.414166666
"McGrew, NE",41.745833333,-103.417777777
"Rondout, NY",41.9206,-73.985
"Jeffersonville, VA",38.637065,-77.91499519999999
"Hewins, KS",37.040833333,-96.408333333
"St. Mary's, OH",40.5422697,-84.38939610000001
"Des Moines, WA",47.394166666,-122.318055555
"Irvington, IN",39.7706588,-86.07362599999999
"Bellefonte, AL",34.711111111,-85.945277777
"Wiarton, Canada",44.7419729,-81.14083440000002
"Camp Rucker, AL",31.3400515,-85.7153754
"Bishop's Stortford, United Kingdom",51.8721635,0.1536502
"Lambert, OK",36.682222222,-98.424166666
"Parkland, PA",40.1589985,-74.9318335
"Kemptville, Canada",45.0163884,-75.64594699999999
"New Lisbon, OH",40.7739,-80.7675
"Monoquet, IN",41.2894,-85.8617
"Danville, MO",38.9122,-91.5297
"Brixen, Italy",46.7177048,11.6572436
"Kildare, OK",36.808333333,-97.05
"Texmo, OK",ERROR,ERROR
"Gainsville, AR",36.1647881,-90.51066229999999
"Mercur, UT",40.3208,-112.212
"St. Cloud, MN",45.553888888,-94.170277777
"Mount Ida, New Zealand",-40.900557,174.885971
"Wellsford, KS",37.6167,-99.0286
"Ft. Gibson, OK",35.7975986,-95.25051730000001
"Clonmel, South Tipperary, Ireland",52.3623523,-7.7007084
"Kensington, CT",41.635277777,-72.768611111
"Rolling Hills Estates, CA",33.786666666,-118.358333333
"East Windsor, NJ",40.2589,-74.5328
"Keystone, WV",37.415,-81.446111111
"LaBelle, FL",26.760555555,-81.439166666
"Fort Kearny, NE",ERROR,ERROR
"Kane'ohe, HI",21.4028819,-157.799637
"Wendell, KS",39.5371517,-100.8225732
"St. Joseph, MO",39.768611111,-94.846638888
"Old Town, ID",48.1787944,-117.0379802
"Alberni, Canada",49.2338882,-124.8055494
"Radisson, Canada",53.792039,-77.616743
"Meyronne, Canada",49.66911080000001,-106.8397421
"Fort Washita, OK",34.102874,-96.54638550000001
"Aurora, NV",38.289167,-118.899167
"Port Darwin, Australia",-12.50041797749907,130.8423203121685
"St. Clair Shores, MI",42.495555555,-82.900277777
"Independence, OK",35.7253,-98.9389
"Juliet, IL",41.525031,-88.0817251
"Goodwin, OK",36.1967075,-99.9351214
"Fort Randall, SD",43.0244399,-98.6242505
"Pithole City, PA",41.520894,-79.5869943
"Coeur d'Alene, ID",47.692777777,-116.78
"Empire City, KS",37.0892,-94.6419
"Acton, Canada",43.6339088,-80.041322
"Roxburgh, New Zealand",-45.54,169.314
"Geary City, KS",38.9984685,-96.79223549999999
"Canal Dover, OH",40.5206198,-81.4740054
"Buffalo, NY ;",42.88644679999999,-78.8783689
"Sheffield, MO",ERROR,ERROR
"Manatee, FL",27.4799195,-82.34518899999999
"County, WI",ERROR,ERROR
"Waterford, Waterford, Ireland",52.2593197,-7.110070299999999
"LaRussell, MO",37.1414461,-94.06160369999999
"Scullin, OK",34.5187009,-96.8625124
"Media, KS",38.77222222,-95.20222222
"Belmont, Canada",45.42625959999999,-63.38632929999999
"Fort Winnebago, WI",43.6168545,-89.41746409999999
"Berlin, OK",35.450555555,-99.625277777
"Hill Air Force Base, UT",41.1239,-111.973
"La Grange, WI",44.015,-90.493055555
"Tokyo, 13, JP",35.6761919,139.6503106
"Hagers Town, MD",39.6417629,-77.71999319999999
"Panola, MS",34.4198016,-89.9253233
"Port Hudson, LA",30.6781,-91.2689
"King of Prussia, PA",40.094722222,-75.378055555
"Wilkes-Barre, PA",41.244444444,-75.878055555
"Foraker, OK",36.8725,-96.565555555
"Frankfort, MD",39.33110790000001,-76.54359769999999
"Loyalton, SD",45.28638889,-99.27944444
"Metropolitan, Nassau County Freeport",40.6576022,-73.58318349999999
"Knowles, OK",36.873611111,-100.192777777
"Orono, Canada",43.97722,-78.61680199999999
"Beaverdell, Canada",49.434206,-119.088297
"Echota, GA",34.5200866,-84.9424429
"Lemberg, Canada",50.7274405,-103.2030433
"Highlands Ranch, CO",39.544444444,-104.968055555
"Albany, AL",34.5967589,-86.9655633
"Rossville, OH",40.15694444,-84.23916667
"Borough Of Maidstone, United Kingdom",51.2197324,0.6073934
"Lowell, NE",40.6475,-98.8472
"Stockham, NE",40.715555555,-97.943611111
"Farmers Branch, TX",32.928888888,-96.8775
"Union Village, NY",ERROR,ERROR
"St. James, MN",43.982222222,-94.628055555
"Erickson, Canada",50.4983243,-99.91402269999999
"Carbon, Canada",56.130366,-106.346771
"Platte City, NE",41.0747212,-95.92362229999999
"New Hope, MN",45.033333333,-93.383333333
"Henry, NE",41.998333333,-104.046666666
"Londonderry, Londonderry, Northern Ireland",54.9964705,-7.3101358
"Harlem, NY",40.809033333,-73.948372222
"Brentwood, PA",40.3744,-79.9761
"Yorktown, NY",41.295555555,-73.808055555
"Dover Hill, IN",38.725,-86.8028
"Ninette, Canada",49.3994969,-99.630607
"Antelopeville, NE",ERROR,ERROR
"Bower, NC",ERROR,ERROR
"Gold Hill, NV",39.290555555,-119.6575
"Hoyle, OK",ERROR,ERROR
"Washtenaw, MI",42.3076493,-83.8473015
"Macleod, Canada",49.7223893,-113.4030896
"Prague, 10, CZ",50.0717466,14.4871656
"Pence, KS",38.655833333,-101.072777777
"Stickney, IL",41.8169,-87.7867
"Yilgarn, Australia",-30.7938249,119.2320784
"Frontier City, OK",35.5856674,-97.4394665
"McKeesport, PA",40.341877777,-79.845005555
"Wicker Park, IL",41.9104892,-87.6775672
"Perry, NE",40.2103,-100.723
"Pleasanton, IA",40.580277777,-93.743055555
"Pinal City, AZ",33.278055555,-111.139166666
"South Port, WI",42.5847425,-87.82118539999999
"St. Charles, IL",41.9192431,-88.3110121
"Greenwood, Canada",49.08789549999999,-118.6780998
"Eastvale, CA",33.963055555,-117.563888888
"Rapid City, Canada",50.1206158,-100.0372957
"Tralee, Kerry, Ireland",52.2713096,-9.6999325
"Vliets, KS",39.7139,-96.3336
"Stewart, Canada",55.94131239999999,-129.9878921
"Butler, NV",ERROR,ERROR
"Maiden, MT",47.1777536,-109.2301728
"Keefeton, OK",35.589722222,-95.339444444
"Timisoara, TM, RO",45.7488716,21.2086793
"Rochester Hills, MI",42.658055555,-83.149722222
"Beaver, NE",40.1381179,-99.8264435
"Three Forks, Canada",50.013059,-117.28516
"Bidwell, CA",39.55694444,-121.46555556
"Ymir, Canada",49.284569,-117.218357
"Stonington-Port, CT",41.3358915,-71.9058854
"McClusky, ND",47.484166666,-100.442222222
"St Johns, Canada",47.5556097,-52.7452511
"Burrowa, Australia",-34.4364648,148.7167614
"Coral Springs, FL",26.270555555,-80.259166666
"County, KS",ERROR,ERROR
"County, GA",32.1574351,-82.90712300000001
"Black Rock, NY",42.9370654,-78.8934762
"Irasburgh, VT",44.80338159999999,-72.2795489
"St. James, MI",45.751111111,-85.515555555
"Craik, Canada",51.0520945,-105.8224018
"St Johns, AZ",34.5058698,-109.3609327
"Speermore, OK",36.6075339,-99.991519
"Tincup, CO",38.7544,-106.478
"West Brattleboro, VT",42.855833333,-72.603055555
"Leroy, KS",38.0839,-95.6331
"Handsboro, MS",30.398531,-89.02697979999999
"Pointe-a-la-Hache, LA",29.576388888,-89.791666666
"Pearlette, KS",37.2817668,-100.3373152
"Altyn, MT",ERROR,ERROR
"Tunbridge Wells, United Kingdom",51.132377,0.263695
"Calico, CA",34.948888888,-116.864166666
"Kaskaskia, IL",37.921388888,-89.916388888
"Forest City, CA",39.490349,-120.849228
"Edinburg, IN",39.3542176,-85.96665770000001
"Cheektowaga, NY",42.9039,-78.7439
"St. Peters, MO",38.778888888,-90.603055555
"Grand Gulf, MS",32.033333333,-91.0525
"Lone Tree, CO",39.5489,-104.893
"Nicola, Canada",56.130366,-106.346771
"McKnight, PA",40.555,-80.03638889
"Laport, PA",41.4239666,-76.494113
"Seydisfjordur, Iceland",65.2602307,-14.0095466
"Jacksonville, KS",ERROR,ERROR
"Algernon, NE",41.205106,-99.3007367
"East St Louis, IL",38.624514,-90.1506465
"Bladon Springs, AL",31.7306,-88.1975
"Cahaba, AL",32.316944,-87.101389
"Bigelow, KS",39.6333,-96.5044
"Santa Fe, KS",37.569492,-100.870778
"Leamington, United Kingdom",52.2851905,-1.5200789
"Spout Spring, KY",37.8270255,-83.9746454
"Almaty, KZ, KZ",43.2379761,76.8828618
"Aldergrove, Canada",49.0580516,-122.470667
"St. Anthony, ID",43.9661,-111.684
"McConnellsburg, PA",39.9325,-77.99583
"Kackley, KS",39.7,-97.8531
"South Queens, NY",40.6808594,-73.7919103
"Epworth, United Kingdom",53.52903,-0.8218029
"Miniota, Canada",50.1427188,-101.0346365
"Harlem, IL",42.34027778,-89.01777778
"County, FL",ERROR,ERROR
"Oswego Fulton, NY",43.3228462,-76.4171585
"Casablanca, CB, MA",ERROR,ERROR
"Heber, UT",40.506666666,-111.412222222
"O' Neill, NE",42.4576723,-98.6478882
"Lima, OK",35.173333333,-96.598333333
"New Helena, NE",41.61138889,-99.75111111
"Mount Pleasant, NY",41.1,-73.8
"Sandon, Canada",49.975503,-117.226963
"Gandy, NE",41.47,-100.457777777
"Fargo Springs, KS",39.7461283,-95.19979
"Rockville Center, LI NY",40.65871380000001,-73.6412406
"Colokan, KS",ERROR,ERROR
"Guy, KS",ERROR,ERROR
"Wellington, FL",26.655,-80.254166666
"Tyrrell, NC",35.8925537,-76.17837390000001
"Corning, MO",40.2492,-95.4544
"Homer Township, IL",41.606388888,-87.964166666
"Avonlea, Canada",50.0157533,-105.0548738
"Sweetgrass, MT",48.9961099,-111.9675752
"Mt. Pleasant, SC",32.79407,-79.86259
"Hollywood, CA",34.098333333,-118.326666666
"Spout Springs, KY",37.8270255,-83.9746454
"Siglufjordur, Iceland",66.1501633,-18.9102872
"Dundaff, PA",41.6539704,-75.55157439999999
"Marblehead, OH",41.53444,-82.72889
"Bridgend, United Kingdom",51.504286,-3.576945
"West Tampa, FL",27.9533546,-82.4892617
"Saxman, KS",38.280555555,-98.124166666
"Winston, NC",36.1039642,-80.254435
"NewYork&, Baltimore",39.2903848,-76.6121893
"Rosedale, KS",39.0578,-94.6197
"Saudarkrokur, Iceland",65.742361,-19.6402925
"Naval Base Kitsap, WA",47.72215,-122.7181033
"Washington, OH",39.5364,-83.4356
"Little Rock, AZ",34.7444618,-92.2880157
"McAllen, TX",26.216388888,-98.236388888
"Bangor, SD",40.8587892,-75.17788530000001
"Helsinki, 18, FI",60.16985569999999,24.938379
"Cardiff, United Kingdom",51.483707,-3.1680962
"Brooklyn Park, MN",45.094166666,-93.356111111
"St. Sophie, LA",45.8206187,-73.9300943
"Wilburn, KS",37.5238673,-100.1031202
"Otter Creek, OK",ERROR,ERROR
"Martland, NE",40.4519,-97.6714
"Staines, United Kingdom",51.43148,-0.515525
"Coalton, OK",35.4975,-95.939166666
"St. Paul, MN",44.944166666,-93.093611111
"Hosmer, Canada",49.5885048,-114.9615988
"Six Mile, AL",34.423888888,-86.756388888
"Dalry, United Kingdom",55.711116,-4.723153
"Ralston, NE",41.202222222,-96.037222222
"O'Fallon, MO",38.784444444,-90.708055555
"Wakenda, MO",39.3142,-93.3772
"Havana, NY",ERROR,ERROR
"Hewitt, OK",34.1689,-97.4047
"Haskew, OK",ERROR,ERROR
"Brownington, MO",38.2458,-93.7228
"Cornish, OK",34.162777777,-97.595555555
"Bessemer, CO",38.236973,-104.6206911
"St. Joseph, MI",42.098055555,-86.484166666
"Merthyr Tydfil, United Kingdom",51.74872999999999,-3.381646
"Saint Marys, MO",37.878942,-89.949277
"Avard, OK",36.6992,-98.79
"Northfield, KS",ERROR,ERROR
"Hillerton, CO",ERROR,ERROR
"Kennicott, AK",61.48638889999999,-142.8863888
"Fort Benjamin Harrison, IN",ERROR,ERROR
"Calliope, IA",43.00777,-96.48864
"Scott AFB, IL",38.5426987,-89.8551818
"Bigheart, OK",36.559444444,-96.161111111
"Ogden City, UT",41.223,-111.9738304
"Northlake, IL",41.914302,-87.9054915
"Stoughton, Canada",49.6785916,-103.029849
"Onondaga Hollow, NY",42.9602153,-76.2389034
"De Ridder, LA",30.8463055,-93.2890527
"Santa Anita, CA",34.145555555,-118.049722222
"Owl, OK",ERROR,ERROR
"Eagle City, OK",35.933055555,-98.591666666
"Indian Head Park, IL",41.7686,-87.8975
"Davie, FL",26.081388888,-80.280277777
"Onawa City, IA",42.0266548,-96.0972376
"Frisco, KS",37.2286346,-101.7823879
"Robinson, UT",41.2218884,-111.9446631
"Camp Shanks, NY",41.0444456,-73.9466568
"Lansingburgh, NY",42.7833,-73.6667
"Dublin, Dublin, Ireland",53.3498053,-6.2603097
"Roslyn, PA",-40.335880555,175.629747222
"Eskifjordur, Iceland",65.07114469999999,-14.0141775
"Page City, KS",39.0897,-101.146
"Cornplanter, PA",41.5101928,-79.6277523
"Broad Arrow, Australia",-25.274398,133.775136
"Watson, Canada",52.1293923,-104.527659
"Saint Elmo, CO",38.703365,-106.346223
"Medina, KS",39.0778,-95.4211
"Gilead, OH",40.5443206,-82.8317486
"DeSmet, SD",44.3874696,-97.55035409999999
"Sauk Village, IL",41.4886,-87.5656
"West Eau Claire, WI",44.795944,-91.463272
"Washington (DC), DC",38.9071923,-77.0368707
"Harriston, OK",35.4200947,-94.8674496
"Fulford, CO",39.515,-106.656
"Southbridge, New Zealand",-43.811,172.253
"Coon Rapids, MN",45.12,-93.2875
"Rio De Janeiro, RJ, BR",-22.9068467,-43.1728965
"Chernivtsi, 77, UA",48.2920787,25.9358367
"Hanley, Canada",51.6279713,-106.4394856
"Yankee Jim's, CA",39.02934279999999,-120.8616029
"Maysville, CO",38.5386,-106.19
"Morehead, KS",37.3842,-95.5078
"Mc'Grawville, NY",42.3492323,-78.2275126
"Lakeside, OH",41.543333333,-82.751388888
"Lewis, OK",ERROR,ERROR
"Siboney, OK",ERROR,ERROR
"Pawnee Valley, KS",37.8323292,-97.3720207
"Hillsboro, NC",36.070555555,-79.104166666
"Ferguson, Canada",50.676557,-117.477665
"Lone Tree, NE",41.0986221,-98.06834300000001
"Kingsdown, KS",37.525,-99.7586
"Sherman, MI",44.4239,-85.6967
"Rodney, MS",31.861389,-91.199722
"Knik, AK",61.4708333,-149.4063889
"Clearview, OK",35.396666666,-96.188333333
"Tigard, OR",45.427777777,-122.778888888
"Peckham, OK",36.88694444,-97.17583333
"Bloomington, IA",39.165325,-86.52638569999999
"Marmiton, KS",37.831985,-94.8246884
"Oil City Franklin Clarion, PA",41.4339484,-79.7064413
"Lashburn, Canada",53.1257489,-109.6134782
"Scammonville, KS",ERROR,ERROR
"Wisconsin, WI",ERROR,ERROR
"Enfield, KS",ERROR,ERROR
"Capitol Hill, OK",35.4378169,-97.52743199999999
"South Coffeyville, OK",36.994166666,-95.621111111
"Stecker, OK",34.9575,-98.3158
"Brooklyn Center, MN",45.074861111,-93.329638888
"Curtis, OK",36.4392029,-99.1426008
"Bridge of Allan, United Kingdom",56.153149,-3.942207999999999
"Hilton Head, SC",32.216316,-80.752608
"New Murdock, KS",37.6111942,-97.93046570000001
"Buffalo Park, KS",39.112507,-100.3587474
"County, WV",ERROR,ERROR
"McDonough, GA",33.445,-84.149166666
", Rochester",43.15657789999999,-77.6088465
"County, CA",ERROR,ERROR
"Cosmos, OK",ERROR,ERROR
"Bear River, WY",41.384166666,-111.026388888
"Kensington and Chelsea, United Kingdom",51.4990805,-0.1938253
"County, IN",ERROR,ERROR
"Mineral Park, AZ",35.37083333,-114.15305556
"San Jacinto, TX",30.5187687,-95.1432068
"Royalton, VT",43.816111111,-72.547222222
"Warren Township, NJ",40.6346,-74.519
"Fort Rice, ND",46.5261053,-100.5842878
"Retford, United Kingdom",53.32135599999999,-0.9455030000000001
"West Los Angeles, CA",34.0468546,-118.430254
"Zagreb, 21, HR",45.8150108,15.981919
"Bradentown, FL",27.4989278,-82.5748194
"Lexington, KS",37.2939,-99.5994
"NewRochelle, NY",40.9114882,-73.7823549
"Glendale, NY",40.698438888,-73.880105555
"Amherst, NY",42.978333333,-78.8
"Normandy Park, WA",47.437222222,-122.343333333
"Middle Township, NJ",39.088,-74.8376
"Russell, OK",34.7681178,-99.6673167
"Centralia, WI",ERROR,ERROR
"McKinney, TX",33.2,-96.633333333
"Meansville, PA",ERROR,ERROR
"Candelaria, NV",38.1589,-118.089
"Cloverton, NE",ERROR,ERROR
"Jackson, MD",ERROR,ERROR
"Sault Ste Marie, MI",46.49771150000001,-84.3475876
"Sleepy Hollow, NY",41.091944444,-73.864444444
"Zionville, KS",ERROR,ERROR
"Gun Barrel City, TX",32.328888888,-96.136388888
"Wano, KS",39.8142648,-101.9348069
"Osage City, OK",36.2928497,-96.4158527
"Fond du Lac, WI",43.775138888,-88.444905555
"Roll, OK",35.779166666,-99.711388888
"Lawrenceville, NJ",40.3028,-74.738
"Rosemont, KS",ERROR,ERROR
"Matfield, KS",38.1572164,-96.5143087
"Wanganui, New Zealand",-39.9330715,175.0286083
"Pershing, OK",36.593405,-96.27528459999999
"Rush Centre, KS",38.4652912,-99.3101052
"Te Aroha, New Zealand",-37.5431901,175.7123003
"Tunis, Tunisia, TN",36.8064948,10.1815316
"McKenzie, TN",36.133055555,-88.517222222
"Tuxtla Gutierrez, Mexico",16.7516009,-93.1029939
"Lodge Pole, NE",41.14942430000001,-102.6381667
"Cascade, Canada",56.130366,-106.346771
"Shockeyville, KS",ERROR,ERROR
"Temuka, New Zealand",-44.24536759999999,171.2763124
"Edgewater, IL",41.9836852,-87.66011410000002
"Manhattan, NY",40.728333333,-73.994166666
"Van Anda, Canada",49.756122,-124.554059
"Dushanbe, TJK, TJ",38.5597722,68.7870384
"Palm City, CA",32.5840196,-117.0823502
"DeRuyter, NY",42.7584,-75.88436
"Waipawa, New Zealand",-39.9415369,176.5896168
"Wien, Austria",48.2081743,16.3738189
"Brooksburg, IN",38.7358,-85.2456
"Maumee City, OH",41.5628294,-83.65382439999999
"Hampden, KS",38.2101525,-95.69839789999999
"Oamaru, New Zealand",-45.0965979,170.9714456
"Oneida, ID",42.21,-112.52
"Haverstraw, Rockland County NY",41.1975947,-73.96458369999999
"St. Neots, United Kingdom",52.2300836,-0.265103
"Roubaix, SD",44.2758183,-103.6663058
"Ray, AZ",33.183333333,-110.9975
"Tregola, KS",ERROR,ERROR
"Fort Steele, Canada",49.615543,-115.630071
"Evansville, KS",ERROR,ERROR
"Camp Opelika, AL",32.6454116,-85.3782795
"Grigsby, KS",ERROR,ERROR
"Pahiatua, New Zealand",-40.4545624,175.8399893
"Rock Creek, KS",39.2458,-95.5372
"Sanatoga, PA",40.2450981,-75.5951827
"Bonanza City, ID",ERROR,ERROR
"Lemars, IA",42.79415669999999,-96.1655778
"Sault Ste. Marie, MI",46.496944444,-84.345555555
"Walkerville, MT",46.03,-112.538333333
"Itasca, KS",39.2893386,-101.6840589
"Ogdensburgh, NY",44.6942291,-75.48633640000001
"Treasure City, NV",39.229722222,-115.48
"Bancroft, KS",39.6083292,-95.9002689
"Bookertee, OK",35.367319444,-96.083336111
"Elizabethtown, NM",36.6192,-105.284
"Throggs Neck, NY",40.818399,-73.8213213
"Newell, CA",41.88833333,-121.37222222
"North Pepin, WI",44.4410785,-92.14795
"McCook, IL",41.79833,-87.83222
"Rivers, AZ",ERROR,ERROR
"Skedee, OK",36.380833333,-96.703888888
"West New Brighton, NY",40.634722222,-74.112222222
"Buffalo, ID",42.88644679999999,-78.8783689
"Akaroa, New Zealand",-43.8052059,172.9671548
"Fallis, OK",35.749444444,-97.121666666
"Claywood, WI",ERROR,ERROR
"Plum, PA",40.498611111,-79.754444444
"County, NH",ERROR,ERROR
"Fort Adams, AK",ERROR,ERROR
"Iditarod, AK",62.544444444,-158.095277777
"Cestos, OK",36.1442077,-99.093711
"Cromwell, New Zealand",-45.04,169.2
"Halifax, MD",ERROR,ERROR
"Hillsborough, OH",39.2022866,-83.611587
"Brent, United Kingdom",51.5672808,-0.2710568
"County, MS",ERROR,ERROR
"Keystone, OK",36.0782123,-96.25883689999999
"St. Simons Island, GA",31.1595905,-81.3885517
"HENRY County, IL",41.35,-90.14
"St Joseph, MI",42.0938577,-86.4895463
"Greeley Center, KS",ERROR,ERROR
"FortPlain, NY",42.9314616,-74.6226425
"Tellico Village, TN",35.7,-84.26
"Husavik, Iceland",66.047451,-17.3439079
"Jamesburg, NJ",40.35,-74.439166666
"Thornton, CO",39.9031,-104.954
"Cut Knife, Canada",52.747843,-109.0206088
"Roslyn, LI NY",40.7998227,-73.6509622
"St. Francisville, LA",30.7847,-91.3806
"Sault St. Marie, Canada",46.5136494,-84.33575259999999
"Elyton, AL",33.50149469999999,-86.84082389999999
"Aspinwall, PA",40.4931,-79.9031
"McHenry, IL",42.339166666,-88.281666666
"Montague, MT",47.6791387,-110.4540959
"Effington, SD",45.8563481,-96.9203579
"Aberdeen, NJ",40.4307,-74.2235
"Manalapan, NJ",40.2824,-74.3466
"Nassau, NPI, BS",25.0443312,-77.3503609
"Homewood, AL",33.468306,-86.808146
"Cedar Bluffs, KS",39.9789,-100.562
"Isafjordur, Iceland",66.074878,-23.1250684
"Robbinsville, NJ",40.2247,-74.594
"Blairmore, Canada",49.6102662,-114.4511912
"Park, WY",44.6782103,-109.4579855
"Watkins, NY",42.3806287,-76.8732921
"Mondak, MT",48.0203,-104.047
"Capistrano Valley, CA",33.5019027,-117.6627655
"Madison, MI",32.45694,-90.10833
"Town and Country, MO",38.631111111,-90.471666666
"Wauwatosa, WI",43.058888888,-88.026111111
"Brno, 64, CZ",49.1950602,16.6068371
"Edison, WA",48.5625,-122.436
"Bayside, WI",43.1803,-87.9047
"Byron, OK",36.902222222,-98.295
"Inangahua, New Zealand",-41.856679,171.9526206
"Homewood, KS",38.5147,-95.3789
"Irving, KS",39.6389,-96.5975
"Hamilton, NV",39.253055555,-115.485
"Horncastle, United Kingdom",53.207307,-0.11245
"Saint Johns, OR",30.0820653,-81.5471201
"Jonesboro, NC",36.2393013,-80.84451519999999
"Oak Point, IL",39.2111,-87.9761
"Apperson, OK",36.7511477,-96.7661438
"Diamond City, MT",46.5971602,-111.4238527
"Alexandria, DC",38.8048355,-77.0469214
"Jakarta, JK, IDN",-6.2087634,106.845599
"Indianapolis, OK",35.5514,-98.8625
"Jeffersontown, KY",38.2061,-85.5736
"Cape Prince of Wales, AK",65.5963888,-168.0847221
"Weston-Easton, CT",41.2009294,-73.3806748
"Optima, OK",36.759166666,-101.354444444
"Lanark, Canada",45.0181238,-76.3651814
"Nininger, MN",44.7692,-92.9022
"Centralia, OK",36.7967,-95.3533
"Cheviot, OH",39.1578,-84.6125
"Otago, New Zealand",-45.47906709999999,170.1547567
"Almas, CO",39.2838783,-106.0627967
"Johnson, IA",41.6698982,-91.5983959
"Fairhaven, WA",48.7184426,-122.5070072
"Douthat, OK",36.9592,-94.8361
"Belfast, Antrim, Northern Ireland",54.59728500000001,-5.93012
"Crystal, MN",45.032777777,-93.360277777
"Omega, NE",ERROR,ERROR
"Friendville, NE",ERROR,ERROR
"DeKalb, MS",32.7676329,-88.6508784
"Washington Township, NJ",39.7484,-75.0691
"Ravelstoke, Canada",50.998115,-118.195672
"Alderley Edge, United Kingdom",53.301554,-2.237216
"Canada, KS",38.3542,-97.1128
"County of Buckingham, United Kingdom",51.8072204,-0.8127664
"Riponshire, Australia",-25.274398,133.775136
"Manzanar, CA",36.74,-118.080555555
"Lovan, AL",ERROR,ERROR
"Saint Matthews, KY",38.2435659,-85.63577889999999
"Bloomfield, PA",40.4183,-77.1883
"Fox Lake, MT",47.684166666,-104.625
"Pleasant Hill, NE",40.5867,-97.0817
"Carwile, OK",36.4633664,-98.30118279999999
"Fairlawn, NJ",40.9403762,-74.1318096
"Saint Thomas, VI",18.3380965,-64.8940946
"Cleo, OK",36.405312,-98.44063249999999
"Clinton, Canada",51.09269940000001,-121.5865308
"Milestone, Canada",49.99152609999999,-104.5157548
"North Lemmon, ND",45.9461,-102.158
"Jurgensen, OK",ERROR,ERROR
"South Pueblo, CO",38.3130483,-104.6400735
"Mertilla, KS",37.4039322,-100.5071143
"Lake Lanier, GA",34.2218685,-83.96913459999999
"West Union, NE",42.095,-77.725555555
"Morgan Park, IL",41.69,-87.67
"Brussels, BXL, BE",50.8476424,4.3571696
"Armington, MT",47.3663543,-110.9035659
"National Park, Canada",56.130366,-106.346771
"St Louis, MO",38.6270025,-90.19940419999999
"Bildudalur, Iceland",65.6863785,-23.6006172
"Avondale, AL",33.5232514,-86.7898321
"Trargalon, Australia",-38.1940197,146.5336107
"Martinsburg, VA",39.4562099,-77.96388689999999
"Hastings, New Zealand",-39.65,176.833333333
"Westville, MS",33.8539,-88.3858
"St. Albans, VT",44.8097,-73.0872
"Keokuk Falls, OK",35.405,-96.6364
"McGrawville, NY",42.34916667,-78.2275
"DuBois, PA",41.1203,-78.7619
"Greenfield, WI",42.963055555,-87.995833333
"Morton, KS",37.2,-101.8
"Port Simpson, Canada",54.554381,-130.43393
"Brookville, IA",41.055573,-92.0890656
"Bennett, Canada",59.85,-134.983
"Riverton, New Zealand",-46.35,168.016666666
"Lac Qui Parle, MN",45.00055556,-95.90611111
"Bismarck, KS",38.9847243,-95.20997179999999
"Sacred Heart, OK",35.001111111,-96.809166666
"Fordham, KS",ERROR,ERROR
"Burry Port, United Kingdom",51.683466,-4.2561
"Ybor City, FL",27.9645757,-82.42595179999999
"The Woodlands, TX",30.1775,-95.503888888
"Kempton, OK",40.6262044,-75.8524214
"Doral, FL",25.808144444,-80.353322222
"Elk Grove, IL",42.0039178,-87.9703461
"East Las Vegas, NM",35.6185894,-105.2253316
"Slocan, Canada",49.76299299999999,-117.46992
"Salem, KS",37.51768,-97.33005299999999
"Knowlton, IA",40.82638889,-94.33222222
"Kendall, FL",25.666666666,-80.356666666
"Fort McMurray, Canada",56.7266231,-111.3790095
"Kiel, OK",54.3232927,10.1227652
"Le Loup, KS",38.6952871,-95.1599708
"County, AZ",ERROR,ERROR
"Frunze, KYR, KG",ERROR,ERROR
"Warwick, KS",39.9986239,-97.90726509999999
"Strong City, OK",35.670833333,-99.599444444
"DeWitt, NY",43.054444444,-76.079166666
"Wyandotte, KS",39.0986811,-94.7691586
"Freeport, LI NY",40.6576022,-73.58318349999999
"Paradise, NV",36.081944444,-115.124722222
"Marysville Yuba, CA",39.1457253,-121.5913547
"Johns Creek, GA",34.0289,-84.1986
"Dingman, PA",41.2200946,-74.87127989999999
"Sparta, AL",31.3629465,-86.9871946
"Tuckerton, NJ",39.60317,-74.34015
"Highland Park, CA",34.115521,-118.1843217
"College Corner, IN",40.69416667,-85.885
"Willemstad, Netherlands",12.108,-68.935
"West Seneca, NY",42.85,-78.799722222
"Kailua-Kona, HI",19.65,-155.994166666
"Pine Forest, NC",34.7334939,-79.50532729999999
"Castle Douglas, United Kingdom",54.940415,-3.931414
"Wittsburg, AR",35.2189,-90.7017
"East Saginaw, MI",43.419,-83.947
"Bloomington, MN",44.833611111,-93.31
"Fouts, OK",ERROR,ERROR
"Kentwood, MI",42.8667,-85.6333
"De Pue, IL",41.324166666,-89.306666666
"Den Bosch, Netherlands",51.6978162,5.3036748
"West Randolph, VT",43.9976614,-72.6436095
"Cambridge, IN",52.1950788,0.1312729
"Pulaski, Oswego County",43.5670136,-76.1277027
"DeWitt, IA",41.822777777,-90.542777777
"Grasshopper Falls, KS",39.345918,-95.45801519999999
"Amite City, LA",30.72861,-90.50833
"Howard City, NE",41.073055555,-98.716388888
"Wheeler, MT",48.0094623,-106.5061522
"West Plains, KS",37.2074887,-100.5746224
"Croton-on-Hudson, NY",41.2042,-73.8861
"South Omaha, NE",41.2106,-95.9625
"Montgomery, MO",52.5628,-3.1493
"New York City, NY",40.7,-74.0
"Evergreen, AL",31.435025,-86.954905
"Silver Cliff, CO",38.1364,-105.439
"Collingswood, NJ",39.9153,-75.0784
"Cora, KS",39.89277778,-98.66361111
"Cahawba, AL",32.3168056,-87.10137929999999
"Boyle, Roscommon, Ireland",53.972,-8.3
"Lardo, ID",ERROR,ERROR
"Fenelon Falls, Canada",44.53701969999999,-78.7361328
"Moyie, Canada",49.288053,-115.833511
"Auraria, GA",34.475,-84.0233
"Belvedere, CA",37.872777777,-122.464444444
"Altedena, CA",34.190162,-118.1313188
"Hodgkins, IL",41.7642,-87.8594
"Springfield, KS",ERROR,ERROR
"Harrington, NC",ERROR,ERROR
"Nashville, OK",36.1626638,-86.7816016
"Dannevirke, New Zealand",-40.21029679999999,176.0942328
"Tanforan, CA",37.6385456,-122.4113612
"El Moro, CO",37.22444444,-104.46666667
"Richland, KS",38.883611111,-95.539722222
"Covert, KS",39.2803,-98.8108
"Navajoe, TX",ERROR,ERROR
"Baron, OK",35.9,-94.6003
"Lestershire, NY",42.1167,-75.9594
"Rodney, New Zealand",-40.900557,174.885971
"Prairie City, KS",38.760277777,-95.213333333
"Gladstone, Canada",50.224998,-98.95076499999999
"Pittsburg, PA",40.441666666,-80.0
"Keota, CO",40.7028,-104.075
"Buckner, KS",ERROR,ERROR
"Vance AFB, OK",36.3393001,-97.91306089999999
"Camp Cooke, CA",34.7420267,-120.5724404
"Mt. Carmel, IL",38.4108801,-87.7614174
"Coral Gables, FL",25.75,-80.271111111
"Leaksville, NC",36.523082,-79.7512033
"Whitesville, Allegany County NY",42.0378463,-77.7624938
"Brookhaven, GA",33.858333333,-84.340277777
"Saint Peter Port, United Kingdom",55.378051,-3.435973
"Ravanna, KS",38.1597,-100.382
"Mt. Zion, GA",33.6342754,-85.18717029999999
"Omio, KS",ERROR,ERROR
"Oakbrook Terrace, IL",41.8538887,-87.9684325
"Hays City, KS",38.8791783,-99.3267702
"Kingston, KING, JM",ERROR,ERROR
"Saint Anthony, MN",45.020277777,-93.217777777
"Whitestown, NY",43.123055555,-75.309166666
"St. Mary's, GA",30.7564,-81.5714
"Canyon City, TX",29.8739,-98.1878
"Lamborn, KS",ERROR,ERROR
"La Crosse, AR",36.0906253,-91.84153599999999
"Roblin, Canada",51.2281843,-101.3523249
"Laurel Hill, VA",38.7139,-77.2489
"Forest View, IL",41.8075,-87.7861
"Bellaire, KS",37.76251,-97.26699
"McAllaster, KS",39.0061,-101.392
"Trout Lake, Canada",46.3141247,-79.3384073
"Benson, NE",43.251944444,-74.278333333
"Britton, OK",35.5656,-97.5311
"New Chicago, KS",ERROR,ERROR
"Mille Lacs, MN",45.9228403,-93.6218744
"Rushville, NY ;",42.7600665,-77.22636700000001
"St. Augustine, FL",29.894722222,-81.314444444
"QuAppelle, Canada",50.54261349999999,-103.8776698
"Mt. Kisco, NY",41.2042616,-73.72707609999999
"North Riverside, IL",41.8461,-87.8297
"Leesville, IN",38.8456,-86.2844
"Butte Anaconda, MT",46.1262998,-112.9478359
"Dansville Village, NY",42.5608999,-77.696106
"McGrath, AK",62.956388888,-155.595833333
"Newport, DE",39.7133,-75.6081
"O'Neill, NE",42.460833333,-98.646944444
"Archdale, NC",35.90389,-79.96583
"DeQuincy, LA",30.4508,-93.4356
"Ninnescah, KS",37.50403790000001,-97.54638849999999
"Manitou, Canada",49.24043710000001,-98.53849869999999
"Faulkland, DE",39.7475,-75.63555556
"Pas, Canada",53.8254947,-101.2427087
"Ocean Beach, CA",32.7525,-117.251944444
"Indiana Harbour, IN",28.1489021,-80.5883855
"Navan, Meath, Ireland",53.647092,-6.6966605
"Cain City, KS",ERROR,ERROR
"Nokomis, Canada",51.5087825,-105.0089468
"White Pine, CO",38.5416626,-106.3936374
"St. Anthony, MN",45.020277777,-93.217777777
"Decatur Center, KS",39.74803680000001,-100.5296115
"Coleshill, United Kingdom",52.499599,-1.706495
"Dalles, OR",45.6017716,-121.1848433
"Greenfield, NV",ERROR,ERROR
"Mauch Chunk, PA",40.8759235,-75.7324127
"Pokeepsie ie Poughkeepsie, NY",41.6928945,-73.8728857
"Bellefontaine Neighbors, MO",38.748333333,-90.228055555
"Tribbey, OK",35.092777777,-97.091666666
"Aintree, United Kingdom",53.486017,-2.9499065
"Wellsborough, PA",41.74868379999999,-77.3005304
"Dodge, KS",37.7901236,-100.0695367
"Webster Groves, MO",38.587777777,-90.354444444
"Geist, IN",39.9289,-85.9822
"Garland, WY",44.778611111,-108.6575
"Elrose, Canada",51.2006378,-108.0329235
"Sunny Isles Beach, FL",25.941666666,-80.125
"St. Ignatius, MT",47.318055555,-114.096111111
"Bayou Sara, LA",30.81348032209424,-91.41449254244367
"Bowen, NE",42.808752,-103.7289167
"Rouleau, Canada",50.18878609999999,-104.9072321
"Pratt City, AL",33.5401055,-86.8688808
"Hoylake, United Kingdom",53.393238,-3.1762801
"Glenville, NE",42.929166666,-74.051944444
"Marple, PA",39.9737098,-75.35287790000001
"Port St. Lucie, FL",27.275833333,-80.355
"Collingwood, New Zealand",-40.677222222,172.682777777
"Fresno, MT",48.5677736,-109.9865972
"Greater Las Vegas, NM",ERROR,ERROR
"Ivanhoe, OK",ERROR,ERROR
"Dermot, KS",ERROR,ERROR
"Plymouth, MN",45.010555555,-93.455555555
"False River, LA",30.5706,-91.5928
"Greece, NY",43.2094,-77.6953
"Belmont, NV",38.5925,-116.871111
"New Garden, IN",ERROR,ERROR
"Burton, NE",42.911388888,-99.591111111
"Canwood, Canada",53.3590236,-106.6020899
"New Smyrna, FL",29.0258191,-80.9269984
"Greece, NY ;",43.2097837,-77.6930602
"Bridgeport, OK",35.546666666,-98.383333333
"Spring Lake, KS",ERROR,ERROR
"Qeqertarsuaq, Greenland",69.2437661,-53.5413188
"Florence, NE",43.438333333,-75.749444444
"Norge, OK",34.988611111,-97.996111111
"Eminence, KS",38.14722222,-100.51027778
"Tompkinsville, NY",40.633888888,-74.085833333
"Roxborough, PA",40.0548134,-75.2420722
"Leadboro, MT",ERROR,ERROR
"Mayfield, CA",-43.821111111,171.421666666
"Peoria, TX",31.975833333,-97.221111111
"Arrowtown, New Zealand",-44.9424921,168.8283058
"New Echota, GA",34.54098700000001,-84.90933
"Sandy Springs, GA",33.9375,-84.368611111
"Westampton, NJ",40.0184,-74.8168
"Irondequoit, NY",43.211111111,-77.581944444
"County, DE",ERROR,ERROR
"Quaker Valley, KS",ERROR,ERROR
"Hodgeman Center, KS",39.5200724,-95.3072936
"Avilla, KS",37.0583986,-99.32292129999999
"McCrory, AR",35.257777777,-91.196666666
"Topaz, UT",ERROR,ERROR
"Cascades, VA",39.0475,-77.3869
"Woodville, OK",33.96982150000001,-96.6536086
"Johannesburg, GAUT, ZA",-26.2041028,28.0473051
"Cincinnati, AR",36.0372,-94.5111
"Nonchalanta, KS",38.28333333,-100.10027778
"Bryan-College Station, TX",30.825147,-96.49297969999999
"Tinton, SD",44.3805,-104.049
"Upper Arlington, OH",40.0206,-83.0664
"West Bowersville, GA",34.3728819,-83.0826491
"Prairie du Chien, WI",43.05165,-91.141241666
"Alameda, Canada",49.2646159,-102.2825251
"Patea, New Zealand",-39.7572286,174.4752973
"Marysville Yuba City, CA",39.1457253,-121.5913547
"Wilmer, Canada",56.130366,-106.346771
"Hamilton, NJ",40.207,-74.6744
"Depere, WI",44.4488805,-88.0603806
"Agana, Guam",13.483333333,144.75
"Reamsville, KS",39.93,-98.8669
"Webster, KS",39.38694444,-99.41777778
"County, VA",ERROR,ERROR
"MaComb, OK",35.147777777,-97.008333333
"Earl Grey, Canada",50.9361618,-104.7113111
"Great Barr, United Kingdom",52.548342,-1.931948
"Miner, SD",44.0643951,-97.69822719999999
"Cleburne, KS",ERROR,ERROR
"Manchester, VA",37.4889,-77.5439
"Devils, ND",ERROR,ERROR
"Cloud Chief, OK",35.2525,-98.843055555
"Big Fork, MT",48.0632864,-114.0726134
"Baldur, Canada",49.385578,-99.24383999999999
"De Land, FL",29.028318,-81.3031179
"Tarrytown-Sleepy Hollow, NY",41.085652,-73.85846839999999
"Campbell, OK",ERROR,ERROR
"San Juan, CA",11.2848,124.6608
"DeSoto, NE",41.498306,-96.064537
"Yale, Canada",56.130366,-106.346771
"Moore, OK",35.339527777,-97.486694444
"Cleveland, KS",37.5517,-98.1336
"Denson, AR",ERROR,ERROR
"Harlan, KS",39.6056,-98.7669
"Palermo, KS",39.7325,-94.9767
"Panama City, Panama, Panama",8.9823792,-79.51986959999999
"Battleboro, VT",42.8509152,-72.5578678
"Foxton, New Zealand",-40.471666666,175.285833333
"Fort Chaffee, AR",35.3123139,-94.3060452
"Liege, WAL, BE",50.63295859999999,5.569749799999999
"Sartoria, NE",40.9783,-99.2139
"Noble, IN",40.46944427,-84.82611084
"Purdy, OK",34.715833333,-97.5875
"Jefferson, MO",43.772777777,-90.75
"Phoenix, Canada",49.098458,-118.590177
"Bringier, LA",ERROR,ERROR
"Belgrade, 0, RS",44.8125449,20.46123
"Schoharie, KS",ERROR,ERROR
"Waimate, New Zealand",-44.73269699999999,171.0480709
"Marshfield, OR",44.6688524,-90.1717987
"Home City, KS",39.8415525,-96.5200564
"Pruntytown, WV",39.3339,-80.0767
"Bixby, NC",35.940137,-80.4550565
"St. Martinville, LA",30.125,-91.8306
"Eagan, MN",44.817777777,-93.166944444
"Hope, NY",43.3,-74.25
"Massett, Canada",54.0114581,-132.1471978
"McComb, OK",35.1467405,-97.0089117
"Quindaro, KS",ERROR,ERROR
"Cairo, C, EG",ERROR,ERROR
"St. Ives, Cambridgeshire, England",52.3325252,-0.0763979
"Lake Landing, NC",35.4798928,-76.0762987
"Happy Valley, MO",ERROR,ERROR
"Grand, OK",35.982222222,-99.795277777
"Lerado, KS",37.7764,-98.2825
"Ransomville, KS",38.5064,-95.4258
"Manzano, NM",34.65028,-106.34806
"Cupar, Canada",50.9468295,-104.2116849
"Square Butte, MT",47.515,-110.19833333
"Lake View, IL",41.9397814,-87.6589273
"Salt Fork, OK",36.635,-97.58888889
"Dragerton, UT",39.5424663,-110.4212655
"Cumminsville, NE",41.9869,-98.5483
"Ladora, NE",ERROR,ERROR
"Burress, NE",40.5814,-97.5017
"Mounds View, MN",45.105,-93.208611111
"McVeytown, PA",40.4975,-77.74056
"MacGregor, Canada",49.9661717,-98.7781945
"Simpson, Canada",51.4486151,-105.445199
"Bigelow, MO",40.1103,-95.2903
"Pinecrest, FL",25.666666666,-80.3
"HoneoyeFalls, NY",42.9522855,-77.5902759
"Allegheny, PA",40.45,-80.02
"Carthage, OK",ERROR,ERROR
"County, MA",ERROR,ERROR
"Ruby City, ID",43.0261,-116.733
"Essex, KS",ERROR,ERROR
"Cross, OK",ERROR,ERROR
"Guilford, KS",37.5992171,-95.7197037
"Dinbych, United Kingdom",53.183906,-3.425002
"Sparta, LA",32.3675,-93.07972222
"Greenburgh, NY",41.031944444,-73.833055555
"Chincoteague, VA",37.93444,-75.36778
"Kenosha City, WI",42.5847425,-87.82118539999999
"Anoka, NE",42.946944444,-98.830277777
"Huber Heights, OH",39.850833333,-84.1275
"Burford, OK",51.807083,-1.63679
"Fort Greene, NY",40.68697,-73.97505
"Christiansted, Virgin Islands",17.7466397,-64.7031977
"Ceredo, VA",ERROR,ERROR
"Yardley, PA",40.2414,-74.8364
"North Kansas City, MO",39.1389,-94.5706
"Chantilly, KS",ERROR,ERROR
"DeForest, WI",43.2458,-89.3458
"Bexley, OH",39.964444,-82.932778
"County, OR",ERROR,ERROR
"Brighton, NY",43.1233,-77.5681
"Louisville, IN",38.2526647,-85.7584557
"Kendrick, OK",35.785277777,-96.775277777
"Iowa Point, KS",39.928333333,-95.238611111
"Nelagoney, OK",36.626388888,-96.242222222
"Ottawa, IA",41.0299981,-93.59104900000001
"Sumner, KS",37.2236052,-97.6114217
"Quay, OK",36.16,-96.711111111
"Swan Quarter, NC",35.406277777,-76.329086111
"Bay View, WI",44.632772,-87.7442629
"Eastonville, CO",39.061111111,-104.562222222
"Hot Springs, AR",34.497222222,-93.055277777
"Selkirk, KS",38.4733,-101.544
"Youngstown, Canada",51.5285044,-111.2051465
"NewYork, NY",ERROR,ERROR
"Brinkman, OK",35.01,-99.516666666
"Bala City, KS",39.3097187,-96.9497353
"Kenmore, NY",42.965,-78.8717
"Point Lookout, MD",38.2380089,-76.5235459
"Bland, NM",35.7575258,-106.4653087
"Sedgewick, Canada",52.7749904,-111.6920831
"Mcarthur, OH",39.24694,-82.47944
"Lyttelton, New Zealand",-43.6,172.716666666
"St. Helena, NE",42.812222222,-97.250555555
"Fort Whipple, AZ",34.5547,-112.453
"Raytown, MO",38.995,-94.465555555
"County, PA",ERROR,ERROR
"Agana Heights, Guam",13.468333333,144.745833333
"Leeston, New Zealand",-43.7636703,172.2954172
"Pauline, NE",40.4164,-98.3456
"Dresser Junction, WI",45.3560738,-92.6335386
"Ecter, OK",ERROR,ERROR
"Central City, IL",38.5481,-89.1286
"Berea, NC",36.3206988,-78.741671
"Penfield, GA",33.667222222,-83.1775
"Marvin, KS",ERROR,ERROR
"Clearing, IL",41.7779637,-87.76905579999999
"Beamsville, Canada",43.1570948,-79.47601329999999
"Woodville, New Zealand",-40.3371,175.8667
"Hagers-Town, MD",39.6417629,-77.71999319999999
"McLean, VA",38.928333333,-77.175277777
"Napoleon, AR",33.795638888,-91.107111111
"Gore, New Zealand",-46.156666666,168.898333333
"Kumara, New Zealand",-42.6333,171.183
"Knowersville, NY",43.2994285,-74.21793260000001
"Middlesex, United Kingdom",55.378051,-3.435973
"Dawson, OK",36.1851324,-95.9119161
"Vienna, NY",43.233333333,-75.733333333
"Burnham, IL",41.6356,-87.5514
"St Martinsville, LA",30.1231441,-91.8294817
"Doaksville, OK",34.0358333,-95.0716667
"Suggsville, AL",31.5896,-87.693
"Bloomington, MO",39.796944444,-92.560277777
"Preston, SD",44.3577617,-103.887704
"Raymer, CO",40.6086,-103.843
"Germantown, NE",ERROR,ERROR
"Parma, OH",41.391666666,-81.727777777
"St. Marys, PA",41.427777777,-78.560833333
"Potsdam Junction, NY",43.2994285,-74.21793260000001
"Bazile Mills, NE",42.511944444,-97.905555555
"Haltemprice, United Kingdom",53.796,-0.689
"Geneva, WI",42.611944444,-88.488333333
"Silver Springs, NY ;",42.6606177,-78.0855638
"Millbrook, Canada",44.15055,-78.44886770000001
"Richmond upon Thames, United Kingdom",51.46131099999999,-0.303742
"Ashgabat, TZM, TM",37.9600766,58.32606289999999
"Mt. Airy, NC",36.4999641,-80.6053793
"Dilworth, OK",36.941388888,-97.228055555
"Hornellsville, NY",42.346111111,-77.673888888
"Wakaw, Canada",52.648934,-105.7400993
"Lovewell, KS",39.86527778,-97.98166667
"Edina, MN",44.889694444,-93.350111111
"Anaconda, Canada",56.130366,-106.346771
"Pitzer Mines, KS",ERROR,ERROR
"Easthampton, NY",41.083151,-71.9994067
"McMinnville, OR",45.211666666,-123.197222222
"Wa Keeney, KS",39.02500819999999,-99.87956559999999
"Dubois, PA",41.1203,-78.7619
"Wellsville-Hornell, NY",42.3278477,-77.6611025
"Winston-Salem, NC",36.1025,-80.260555555
"McAllen, Tex",26.216388888,-98.236388888
"Platte, MO",39.34756489999999,-94.7691586
"St. Helena, CA",38.502777777,-122.469722222
"Kinnelon, NJ",40.9838,-74.3854
"Montclair Village, CA",34.0775104,-117.6897776
"Monowi, NE",42.828611111,-98.329722222
"Archer, MT",48.7928047,-104.8108007
"Malcolm, Australia",-25.274398,133.775136
"Douglas, United Kingdom",55.55733499999999,-3.847176
"Ivanhoe, KS",37.7880365,-100.9128995
"Butte City, MT",46.0038232,-112.5347776
"Nescutunga, KS",ERROR,ERROR
"Lake in the Hills, IL",42.1867,-88.3475
"Taloga, KS",37.0629838,-101.866362
"Howe, NE",40.3219,-95.8192
"Shiloh, IL",38.55,-89.9167
"Carmarthen, United Kingdom",51.85762,-4.312131
"Loco, KS",ERROR,ERROR
"Quincy, KS",37.8819,-95.9928
"DuBois, IN",38.445277777,-86.804444444
"McCool Junction, NE",40.743333333,-97.595555555
"Richmond, LA",32.3858,-91.1747
"Sidney, KS",ERROR,ERROR
"Aetna, KS",37.0839,-98.9628
"Pitman's Ferry, AR",ERROR,ERROR
"Havilah, CA",35.5178,-118.519
"Barkerville, Canada",53.0703513,-121.5137657
"Oakville, MO",38.458611111,-90.319444444
"Sharp Park, CA",37.6322976,-122.4863492
"Granite, CA",ERROR,ERROR
"Pearl Harbor Navy Base/Hickam AFB, HI",21.3473777,-157.9437489
"Saint Joseph, FL",38.4,-85.8083
"Featherston, OK",35.0787086,-95.48998019999999
"Fort Wallace, KS",ERROR,ERROR
"East St. Louis, IL",38.625,-90.1575
"Rockerville, SD",43.9581,-103.359
"Martinez, GA",33.51583,-82.1
"La Porte, NE",ERROR,ERROR
"Red Lake, MN",47.876388888,-95.016944444
"La Kemp, OK",33.7695466,-96.35415309999999
"Grant's Pass, OR",42.4390069,-123.3283925
"Parker, IN",ERROR,ERROR
"Mt. Juliet, TN",36.202777777,-86.513611111
"Jefferson City, LA",38.57670170000001,-92.1735164
"Bloomington, UT",37.046382,-113.605765
"McMinnville, TN",35.68667,-85.77917
"Middlebush, NJ",40.5057,-74.5334
"May's Landing, NJ",39.4523385,-74.7276626
"Fremont, KS",38.5136911,-96.13149279999999
"Terry, SD",44.33361111,-103.81694444
"Marshall, IA",42.0407088,-92.9375739
"Egham, United Kingdom",51.428825,-0.547876
"Lewiston Auburn, ME",44.100351,-70.21477639999999
"Fentress, TN",36.37106,-84.8984775
"Alderson, Canada",50.28081,-111.346743
"Hiattville, KS",37.7222,-94.8717
"Cunningham, MO",36.19694444,-89.70027778
"Alabama City, AL",34.022333333,-86.045527777
"Lansingburgh ie Troy, NY",42.7845222,-73.66956239999999
"Marion, NE",40.0158,-100.481
"Tangier, OK",36.42083333,-99.53333333
"Hoffman, OK",35.4883,-95.8447
"County, ME",ERROR,ERROR
"Bangor, AL",33.9744,-86.7567
"Tamora, NE",40.893888888,-97.225
"Cerillos, NM",35.4375198,-106.1245907
"Stoke On Trent, United Kingdom",53.0033369,-2.1827408
"City Island, NY",40.8468202,-73.7874983
"Chitham, IL",ERROR,ERROR
"Hillingdon, United Kingdom",51.5351832,-0.4481378
"Hatfield, KS",ERROR,ERROR
"County, CO",ERROR,ERROR
"Volcano, WV",39.2328,-81.2847
"Christiansted, U.S. Virgin Islands",17.7466397,-64.7031977
"Bethlehem, NY",42.6,-73.833333333
"County, LA",34.0522342,-118.2436849
"Crediton, United Kingdom",50.792592,-3.651495
"Peace, KS",38.2106,-98.2044
"Saddleback Valley, CA",ERROR,ERROR
"Little Missouri, ND",46.97066210267877,-103.2635499837062
"Homestead, OK",36.149722222,-98.393888888
"South Riverside, CA",33.8100732,-116.5335809
"SeaTac, WA",47.441388888,-122.293055555
"Petroleum Center, PA",41.5161,-79.6825
"Point Pleasant Lake, NJ",40.0831714,-74.0681931
"Supply, OK",36.5736459,-99.5723366
"Hull, United Kingdom",53.76762360000001,-0.3274198
"Conwayboro, SC",ERROR,ERROR
"Oxford, New Zealand",-43.298,172.188
"East Cleveland, OH",41.5317,-81.5819
"Lawrence, NJ",40.2959,-74.7201
"Gross, NE",42.946666666,-98.569166666
"Downs, OK",ERROR,ERROR
"Petroleum Centre, PA",41.5161706,-79.6822746
"Celia, KS",39.78527778,-101.31583333
"Clayton, MO",38.645277777,-90.331944444
"St. Clair, MO",38.04,-93.77
"Coronado, KS",38.485833333,-101.304722222
"Mt. Dora, FL",28.8024918,-81.644519
"Michigan Valley, KS",38.6817,-95.5267
"County, NY",ERROR,ERROR
"Englewood, IL",41.78,-87.645
"Redondo, CA",33.8491816,-118.3884078
"San Luis, TX",29.2725405,-94.8182391
"Marin, CA",38.083403,-122.7633036
", Dansville",42.5608999,-77.696106
"Surf City, NC",34.428055555,-77.543333333
"Athelstan, IA",40.572777777,-94.5425
"County, VT",ERROR,ERROR
"Hector, KS",ERROR,ERROR
"Dunkirk Fredonia, NY",42.4400576,-79.3317105
"Sandusky, VT",ERROR,ERROR
"Salem, NC",35.7039,-81.6989
"New London, IN",40.4433,-86.2714
"Kanawha, WV",39.1989,-81.46
"Havelock, New Zealand",-41.283055555,173.766666666
"Village of Buffalo, NY",42.88644679999999,-78.8783689
"Allison, KS",39.575,-100.264
"Eastern Division, United Kingdom",55.378051,-3.435973
"St Regis Falls, NY",44.6739468,-74.5448962
"Landis, Canada",52.1990351,-108.4515941
"Maldonado, NM",ERROR,ERROR
"Reece, KS",37.7989,-96.4464
"Petersburg, Australia",-25.274398,133.775136
"St. Edward, NE",41.571388888,-97.861388888
"California, KS",ERROR,ERROR
"Wasioja, MN",44.08027778,-92.81944444
"Republic City, KS",39.9236213,-97.82170959999999
"Mayday, KS",39.4931193,-96.9133509
"Saint Arnaud, Australia",-36.6213851,143.2648556
"Glenboro, Canada",49.5580017,-99.2891025
"Norwood, OH",39.16,-84.455
"Northwest Chicago, IL",41.8961757,-87.6173266
"Mine La Motte, MO",37.615555555,-90.289722222
"Lower Sandusky, OH",41.4561754,-82.71168209999999
"Berks, PA",40.3451566,-75.9927652
"Eustis, KS",ERROR,ERROR
"Lockland, OH",39.2264,-84.4553
"Capron, OK",36.8966959,-98.57758059999999
"Ukiah City, CA",39.1501709,-123.2077831
"North Topeka, KS",39.0722,-95.6669
"Kingston, NM",32.9169,-107.706
"Copenhagen, DK, DK",55.6760968,12.5683371
"McGee, OK",34.7967497,-96.9594636
"La Porte, CA",39.68167,-120.98472
"Minnesota Falls, MN",44.7704456,-95.5827334
"St. Marys, OH",40.5442,-84.39
"Liberty, Canada",43.6471629,-79.37870889999999
"Forest City, SD",45.00277778,-100.30027778
"Sandy Hill, NY",43.302222222,-73.580555555
"Balrandald, Australia",-34.6394376,143.5629137
"Murray City, UT",40.6668916,-111.8879909
"Kusa, OK",35.449166666,-95.924166666
"Westerham, United Kingdom",51.266969,0.071827
"L'Anse, MI",46.756666666,-88.453333333
"Walnut City, KS",37.6014373,-95.0780294
"Cremorne Junction, Australia",-33.829394,151.229841
"Hawkesbury, Australia",-33.2262828,150.8609358
"Fort Hawkins, GA",32.1574351,-82.90712300000001
"Lincoln, VT",44.0955426,-72.9724365
"Mt. Orab, OH",39.0297,-83.925
"Feasterville, PA",40.143888888,-75.005277777
"Garrison, NE",41.175555555,-97.165
"Rosita, CO",38.0972,-105.336
"Ashburn Farm, VA",39.0356639,-77.50110149999999
"Pike, PA",41.3361875,-75.06111469999999
"Bandung, JB, IDN",-6.9174639,107.6191228
"Rio Grande, TX",26.3797874,-98.8203046
"Little Valley, NY ;",42.2525629,-78.80558959999999
"Logansport, KS",38.8581463,-101.048549
"Dalbeattie, United Kingdom",54.934219,-3.822527
"Cash City, KS",ERROR,ERROR
"Quartz Creek, Canada",56.130366,-106.346771
"Carrollton, LA",29.952222,-90.127222
"Osage Mission, KS",37.5186,-95.1736
"Brooklyn, Canada",44.0570375,-64.6870236
"DeBary, FL",28.881388888,-81.324166666
"Zion City, IL",42.4461322,-87.83285049999999
"Coldwater, OK",41.9403263,-85.00052149999999
"Saratoga, NY",43.066666666,-73.616666666
"Brownlee, NE",42.2881,-100.626
"Lordsburg, CA",ERROR,ERROR
"Katalla, AK",60.197222222,-144.518333333
"Eastmanville, MI",43.0167,-85.9564
"Indian Springs, MO",48.95777778,-115.04361111
"Mt. Vernon, NY",40.914166666,-73.830555555
"St Francisville, LA",30.7880721,-91.3768479
"Harris, Canada",47.5668568,-79.5883971
"Cooperton, OK",34.866111111,-98.87
"Opunake, New Zealand",-39.4589862,173.8678942
"Karlovac, 4, HR",45.4928973,15.5552683
"StatenIsland, NY",40.5795317,-74.1502007
"Crystal, CO",39.059167,-107.101111
"Harper's Ferry, VA",ERROR,ERROR
"Borough Of Sandwich, United Kingdom",55.378051,-3.435973
"Saratoga, KS",ERROR,ERROR
"McConnelsville, OH",39.64889,-81.85194
"Cincinnati, KS",ERROR,ERROR
"Killingly, CT",41.831388888,-71.850277777
"Lago Vista, TX",30.449722222,-97.996111111
"St. Joseph, MN",45.565555555,-94.313055555
"North Plainfield, NJ",40.622777777,-74.435833333
"Granite, MT",46.316,-113.244
"Eldersburg, MD",39.403611111,-76.950277777
"Silver Mountain, CA",38.6053,-119.769
"Port Vincent, LA",30.3372,-90.8419
"Clifton, SD",44.2402108,-98.1557066
"Halcyon, CA",35.103333333,-120.595833333
"David, OK",ERROR,ERROR
"Alluwe, OK",36.6103,-95.4872
"St. Michael, MN",45.20996,-93.66496
"Excelsior-Minnetonka-Eden Prairie, MN",44.9032963,-93.5663455
"Vienna, LA",32.59098,-92.64793
"Central Butte, Canada",50.7965432,-106.5068436
"Deland-Lake Helen, FL",28.9808195,-81.2333936
"Kalvesta, KS",38.0594,-100.286
"Newtown, CA",38.70444444,-120.67916667
"Butte-Anaconda, MT",46.1262998,-112.9478359
"Silver City, ID",43.016944,-116.733056
"Agassiz, Canada",49.2389409,-121.7658827
"Salt Pond, Canada",47.09744999999999,-55.198236
"Fairmount, MO",39.1105601,-94.463008
"Golden, KS",ERROR,ERROR
"Breckenridge, OK",36.448333333,-97.726944444
"Cantonment, OK",ERROR,ERROR
"Toshkent, UZ, UZ",41.2994958,69.2400734
"Cutler Ridge, FL",25.580555555,-80.346666666
"Georgetown, MO",38.758611111,-93.238055555
"Whidbey Island Naval Base, WA",-27.6728168,121.6283098
"Mccook, NE",40.205277777,-100.626111111
"Port St. Joe, FL",29.814722222,-85.297222222
"County, NE",ERROR,ERROR
"County, NJ",ERROR,ERROR
"Goodland, OK",36.5953038,-101.6365504
"Hafnarfjordur, Iceland",64.06689349999999,-21.9546958
"Lang, Canada",49.9185952,-104.3724628
"Cumberland, Australia",-33.8890304,151.2016178
"Alta, UT",40.580833333,-111.637222222
